TOP,MID,JUNGLE,ADC, SUPPORT, IsWinner
Lissandra,Orianna,Vi,Varus,Morgana, true
Nasus,Vel'Koz,Lee Sin,Ezreal,Leona, false
Vladimir,Irelia,Shaco,Sivir,Sona, true
Shen,Zed,Malphite,Tristana,LeBlanc, true
Akali,Sona,Wukong,Caitlyn,Janna, false
Jayce,Orianna,Malphite,Ezreal,Taric, false
Jarvan IV,Annie,Lee Sin,Graves,Leona, true
Irelia,Xerath,Pantheon,Quinn,Leona, false
Gangplank,Fizz,Gragas,Jynx,Morgana, true
Nasus,Anivia,Shaco,Jarvan IV,Miss Fortune, false
Ryze,Cho'Gath,Rek'Sai,Draven,Volibear, false
Malphite,Ezreal,Sejuani,Vayne,Thresh, true
Akali,Heimerdinger,Pantheon,Caitlyn,Leona, false
Riven,Zyra,Rammus,Tristana,Thresh, true
Yasuo,Nidalee,Vi,Ashe,Janna, false
Malphite,Katarina,Wukong,Graves,Thresh, true
Riven,Lux,Rek'Sai,Ezreal,Nami, false
Garen,Xerath,Malphite,Lucian,Leona, true
Aatrox,Ahri,Amumu,Caitlyn,Leona, true
Shen,Yasuo,Renga,Kog'Maw,Volibear, false
Pantheon,Syndra,Warwick,Miss Fortune,Leona, true
Annie,Lux,Jarvan IV,Ezreal,Blitzcrank, false
Cho'Gath,Zed,Vi,Jynx,Thresh, false
Vladimir,Lux,Udyr,Lucian,Thresh, false
Dr. Mundo,Syndra,Wukong,Ashe,Blitzcrank, true
Yasuo,Lissandra,Shaco,Cho'Gath,Varus, false
Malphite,Ezreal,Riven,Sona,Corki, false
Nasus,Fizz,Sion,Draven,Thresh, true
Darius,Shaco,Gangplank,Lucian,Taric, false
Maokai,Zed,Sejuani,Lucian,Thresh, true
Warwick,Fizz,Udyr,Ezreal,Leona, true
Swain,Akali,Vi,Corki,Thresh, false
Cho'Gath,Zed,Master Yi,Miss Fortune,Blitzcrank, true
Nidalee,Lissandra,Jarvan IV,Lucian,Thresh, false
Wukong,Cho'Gath,Lee Sin,Corki,Leona, true
Fiora,LeBlanc,Dr. Mundo,Ezreal,Nami, false
Cassiopeia,Ziggs,Vi,Varus,Teemo, false
Renga,Kassadin,Cho'Gath,Jynx,Blitzcrank, true
Kassadin,Lux,Rek'Sai,Ezreal,Janna, false
Fiora,Katarina,Warwick,Kalista,Janna, false
Graves,LeBlanc,Nasus,Jynx,Leona, false
Fiora,Yasuo,Vi,Vayne,Thresh, true
Gangplank,Ezreal,Vi,Twitch,Blitzcrank, false
Irelia,Ahri,Renga,Jynx,Janna, true
Jayce,Ahri,Vi,Jynx,Sona, false
Pantheon,Malzahar,Diana,Twitch,Janna, true
Annie,LeBlanc,Warwick,Jynx,Nami, false
Aatrox,Swain,Nocturne,Tristana,Taric, false
Tryndamere,Lux,Fiddlesticks,Lucian,Morgana, true
Zed,Heimerdinger,Warwick,Caitlyn,Blitzcrank, true
Nasus,Anivia,Udyr,Ezreal,Zyra, true
Jax,Orianna,Master Yi,Tristana,Thresh, false
Tryndamere,Orianna,Xin Zhao,Vayne,Leona, false
Tryndamere,Ziggs,Rek'Sai,Quinn,Nami, true
Renekton,Yasuo,Fiddlesticks,Graves,Annie, false
Tryndamere,Wukong,Pantheon,Vayne,Thresh, true
Cho'Gath,Morgana,Jarvan IV,Ezreal,Soraka, false
Nasus,Syndra,Trundle,Graves,Vel'Koz, true
Corki,LeBlanc,Evelynn,Sivir,Nami, false
Yasuo,Anivia,Lee Sin,Ashe,Lissandra, false
Volibear,LeBlanc,Nocturne,Graves,Leona, false
Irelia,Teemo,Pantheon,Caitlyn,Thresh, true
Gangplank,Katarina,Maokai,Kalista,Janna, true
Shyvana,Cassiopeia,Rek'Sai,Lucian,Sona, false
Irelia,LeBlanc,Lee Sin,Jynx,Braum, false
Riven,Annie,Hecarim,Ezreal,Fiddlesticks, true
Pantheon,Heimerdinger,Warwick,Lucian,Sona, false
Fiora,Ziggs,Nocturne,Draven,Soraka, true
Darius,Jayce,Nautilus,Vayne,Sona, false
Annie,Nidalee,Xin Zhao,Graves,Thresh, false
Garen,Ryze,Amumu,Ezreal,Nami, true
Swain,Xerath,Hecarim,Lucian,Karma, true
Vladimir,Ezreal,Lee Sin,Vayne,Blitzcrank, false
Jayce,Xerath,Jax,Ezreal,Leona, true
Rumble,Veigar,Volibear,Caitlyn,Blitzcrank, false
Cassiopeia,Fizz,Vi,Caitlyn,Blitzcrank, true
Riven,Fiddlesticks,Jarvan IV,Graves,Thresh, true
Teemo,Xin Zhao,Warwick,Ashe,Jarvan IV, false
Renekton,LeBlanc,Rammus,Vayne,Nami, true
Gangplank,Katarina,Xin Zhao,Lucian,Alistar, false
Shen,Katarina,Shaco,Miss Fortune,Alistar, true
Tryndamere,Ziggs,Jarvan IV,Miss Fortune,Braum, true
Wukong,Morgana,Vi,Caitlyn,Thresh, false
Jarvan IV,Cassiopeia,Trundle,Caitlyn,Vel'Koz, true
Darius,Katarina,Irelia,Tristana,Nunu, false
Maokai,Kassadin,Shyvana,Ashe,Janna, false
Irelia,Annie,Nasus,Jynx,Sona, true
Xin Zhao,Akali,Rek'Sai,Ezreal,Nautilus, false
Garen,Lissandra,Warwick,Ashe,Lux, true
Dr. Mundo,Xerath,Wukong,Lucian,Thresh, false
Riven,Kennen,Nunu,Ashe,Heimerdinger, false
Riven,Yasuo,Nautilus,Lucian,Thresh, false
Darius,Annie,Sejuani,Graves,Janna, true
Sion,Diana,Olaf,Draven,Blitzcrank, true
Sion,Zed,Jarvan IV,Ezreal,Morgana, true
Lissandra,Yasuo,Fiddlesticks,Jynx,Lux, false
Nasus,Cho'Gath,Volibear,Leona,Miss Fortune, false
Fiora,Twisted Fate,Udyr,Jynx,Morgana, true
Wukong,Lux,Rammus,Tristana,Volibear, true
Nasus,Swain,Nocturne,Varus,Morgana, false
Riven,Syndra,Nautilus,Draven,Soraka, true
Renekton,Ahri,Lee Sin,Twitch,Janna, false
Nasus,Nidalee,Kha'Zix,Sivir,Braum, true
Tryndamere,Lux,Renga,Caitlyn,Janna, true
Quinn,Twisted Fate,Master Yi,Graves,Fiddlesticks, false
Fiora,Twisted Fate,Rek'Sai,Ezreal,Nami, true
Singed,Zed,Udyr,Draven,Blitzcrank, true
Trundle,Yasuo,Cho'Gath,Graves,Thresh, false
Gnar,Lissandra,Udyr,Tristana,Thresh, true
Irelia,Lux,Rammus,Draven,Morgana, false
Shen,Akali,Xin Zhao,Graves,Braum, false
Lissandra,Vel'Koz,Aatrox,Lucian,Annie, true
Vladimir,Zed,Amumu,Kalista,Morgana, false
Diana,Zed,Hecarim,Graves,Sona, false
Nocturne,Lux,Lee Sin,Vayne,Blitzcrank, false
Tryndamere,Syndra,Shaco,Ashe,Morgana, true
Gnar,Karma,Sejuani,Ezreal,Janna, false
Nidalee,Kennen,Warwick,Twitch,Janna, true
Wukong,Katarina,Udyr,Caitlyn,Shen, false
Sion,Katarina,Lee Sin,Caitlyn,Soraka, true
Renekton,Diana,Jarvan IV,Caitlyn,Annie, false
Kayle,Lux,Xin Zhao,Quinn,Volibear, true
Irelia,Zed,Vi,Caitlyn,Leona, true
Nocturne,Morgana,Shyvana,Lucian,Nami, false
Darius,Azir,Xin Zhao,Tristana,Thresh, true
Gangplank,Lissandra,Xin Zhao,Caitlyn,Leona, true
Kassadin,Vel'Koz,Warwick,Nami,Vayne, false
Riven,Swain,Vi,Graves,Malphite, true
Gnar,Sejuani,Master Yi,Tryndamere,Caitlyn, false
Vladimir,Katarina,Amumu,Graves,Blitzcrank, true
Riven,Zed,Lee Sin,Lucian,Nami, true
Tryndamere,Orianna,Shaco,Jynx,Leona, false
Vladimir,Katarina,Shaco,Tristana,Morgana, true
Dr. Mundo,Veigar,Sejuani,Twitch,Sona, false
Jax,Ziggs,Master Yi,Graves,Blitzcrank, true
Irelia,Malzahar,Evelynn,Jynx,Taric, false
Irelia,Katarina,Jarvan IV,Miss Fortune,Braum, false
Darius,Lux,Xin Zhao,Jynx,Sona, true
Jarvan IV,Morgana,Shaco,Ezreal,Soraka, false
Fiora,Swain,Xin Zhao,Vayne,Leona, false
Shyvana,Ziggs,Renga,Kalista,Morgana, false
Vladimir,Malzahar,Master Yi,Vayne,Sona, true
Renga,Morgana,Master Yi,Heimerdinger,Ashe, false
Teemo,Xerath,Vi,Sivir,Lux, true
Gnar,Kayle,Master Yi,Jynx,Thresh, false
Singed,Malzahar,Shyvana,Miss Fortune,Taric, false
Jax,Twisted Fate,Pantheon,Morgana,Draven, false
Shen,Katarina,Jarvan IV,Ezreal,Nami, true
Jayce,Morgana,Shaco,Corki,Blitzcrank, false
Mordekaiser,Viktor,Pantheon,Graves,Sona, true
Malphite,Talon,Jarvan IV,Caitlyn,Thresh, false
Lissandra,Kassadin,Master Yi,Ezreal,Taric, true
Malphite,Kennen,Rek'Sai,Caitlyn,Leona, false
Ryze,Katarina,Xin Zhao,Tristana,Leona, false
Nidalee,Karthus,Amumu,Ashe,Morgana, false
Wukong,Morgana,Warwick,Draven,Soraka, false
Teemo,Anivia,Malphite,Kalista,Braum, true
Lee Sin,Yasuo,Fiddlesticks,Tristana,Nami, false
Nidalee,Cassiopeia,Nunu,Caitlyn,Morgana, true
Kassadin,Ahri,Shaco,Ezreal,Blitzcrank, true
Rumble,Zed,Jarvan IV,Graves,Sona, false
Olaf,Zed,Rammus,Jynx,Braum, false
Pantheon,LeBlanc,Jarvan IV,Caitlyn,Leona, true
Rumble,Annie,Rek'Sai,Sivir,Leona, true
Kayle,Morgana,Master Yi,Varus,Leona, false
Wukong,Kassadin,Shaco,Draven,Sona, false
Akali,Ahri,Kha'Zix,Graves,Blitzcrank, true
Diana,Zed,Udyr,Ezreal,Sona, false
Pantheon,LeBlanc,Fiddlesticks,Corki,Leona, true
Quinn,Lissandra,Rammus,Jynx,Thresh, false
Nasus,Katarina,Rek'Sai,Ashe,Morgana, false
Cho'Gath,Yasuo,Udyr,Quinn,Blitzcrank, true
Malphite,Annie,Gragas,Vayne,Thresh, false
Akali,Jarvan IV,Warwick,Ashe,Vel'Koz, true
Karma,Syndra,Nocturne,Morgana,Ezreal, false
Darius,Akali,Renga,Lucian,Taric, true
Mordekaiser,Talon,Warwick,Vayne,Leona, true
Renekton,Karthus,Lee Sin,Caitlyn,Janna, true
Lissandra,Yasuo,Jarvan IV,Jynx,Blitzcrank, false
Fiora,Azir,Xin Zhao,Jynx,Thresh, false
Jarvan IV,Xerath,Warwick,Graves,Leona, true
Garen,LeBlanc,Shaco,Caitlyn,Malphite, false
Gangplank,Annie,Jarvan IV,Jynx,Leona, true
Riven,Ezreal,Master Yi,Draven,Zyra, false
Olaf,Gangplank,Sejuani,Ezreal,Vel'Koz, true
Teemo,Katarina,Renga,Tristana,Karma, false
Vladimir,Ziggs,Vi,Ashe,Morgana, true
Dr. Mundo,LeBlanc,Wukong,Caitlyn,Nami, false
Renga,Ahri,Xin Zhao,Graves,Karma, true
Riven,Katarina,Master Yi,Ezreal,Thresh, false
Nasus,Syndra,Wukong,Graves,Janna, true
Tryndamere,Yasuo,Amumu,Tristana,Anivia, true
Ryze,Nidalee,Skarner,Draven,Thresh, true
Jarvan IV,Ryze,Nautilus,Kalista,Thresh, true
Irelia,Karthus,Shyvana,Draven,Braum, false
Master Yi,Veigar,Vi,Ashe,Sona, true
Kayle,Yasuo,Tryndamere,Sivir,Morgana, false
Kassadin,Veigar,Shyvana,Kalista,Karma, false
Lissandra,Katarina,Zac,Graves,Leona, true
Jarvan IV,Orianna,Zac,Vayne,Sona, false
Master Yi,Brand,Nunu,Jynx,Leona, true
Sion,Ahri,Renga,Graves,Lulu, false
Rumble,Yasuo,Sion,Graves,Thresh, false
Riven,Katarina,Volibear,Corki,Lulu, true
Shyvana,Katarina,Diana,Sivir,Thresh, true
Dr. Mundo,Kassadin,Vi,Caitlyn,Blitzcrank, false
Riven,Katarina,Warwick,Lucian,Nunu, true
Pantheon,Ahri,Warwick,Vayne,Janna, true
Nasus,Twisted Fate,Amumu,Lucian,Blitzcrank, true
Jayce,Lux,Master Yi,Caitlyn,Leona, false
Poppy,Ahri,Fiora,Kalista,Leona, true
Yasuo,Zyra,Master Yi,Ashe,Leona, true
Vladimir,Talon,Kha'Zix,Jynx,Sona, false
Trundle,Karma,Sejuani,Draven,Janna, false
Tryndamere,Anivia,Renekton,Vayne,Lux, true
Rek'Sai,Annie,Rammus,Kalista,Morgana, false
Pantheon,Annie,Amumu,Volibear,Vayne, false
Ryze,Orianna,Vi,Caitlyn,Taric, true
Riven,Zed,Lee Sin,Ezreal,Cho'Gath, true
Fiora,Annie,Shen,Vayne,Blitzcrank, false
Jax,Morgana,Xin Zhao,Ashe,Heimerdinger, true
Darius,Heimerdinger,Fiddlesticks,Tristana,Sona, false
Riven,Katarina,Amumu,Tristana,Blitzcrank, false
Swain,Anivia,Master Yi,Ezreal,Thresh, false
Blitzcrank,Ziggs,Volibear,Kalista,Leona, true
Cho'Gath,Malzahar,Rammus,Twitch,Morgana, false
Rumble,Diana,Udyr,Corki,Sona, true
Nidalee,Katarina,Rek'Sai,Ashe,Leona, false
Riven,Malzahar,Lee Sin,Caitlyn,Leona, true
Malphite,Ahri,Twitch,Jynx,Morgana, false
Jax,Vladimir,Rammus,Lucian,Sona, false
Teemo,Lux,Warwick,Caitlyn,Morgana, true
Sejuani,Kassadin,Master Yi,Caitlyn,Janna, false
Soraka,Kayle,Shaco,Lucian,Quinn, false
Irelia,Katarina,Veigar,Miss Fortune,Morgana, true
Pantheon,Lee Sin,Kha'Zix,Tristana,Sejuani, false
Dr. Mundo,Xerath,Xin Zhao,Lucian,Ashe, true
Teemo,Ahri,Shaco,Tristana,Thresh, false
Jax,Malzahar,Jarvan IV,Jynx,Sona, false
Pantheon,Yasuo,Fiddlesticks,Lux,Sivir, true
Syndra,Fizz,Lee Sin,Jynx,Thresh, false
Shen,Katarina,Warwick,Graves,Taric, true
Malphite,Xerath,Warwick,Sivir,Nami, true
Fiora,Lux,Vi,Jynx,Thresh, false
Darius,Akali,Kha'Zix,Draven,Leona, true
Warwick,Ahri,Lee Sin,Tristana,Braum, false
Nidalee,Akali,Jax,Caitlyn,Blitzcrank, true
Aatrox,Fizz,Warwick,Tristana,Morgana, false
Jax,Zed,Warwick,Graves,Thresh, false
Shen,Ahri,Vi,Jynx,Annie, true
Sion,Azir,Master Yi,Vayne,Blitzcrank, false
Gangplank,LeBlanc,Pantheon,Ezreal,Sona, true
Ezreal,Ahri,Pantheon,Thresh,Ashe, false
Wukong,Brand,Shaco,Ashe,Sivir, true
Fiora,Heimerdinger,Lee Sin,Graves,Leona, false
Jayce,Nidalee,Wukong,Graves,Blitzcrank, true
Riven,Kayle,Udyr,Morgana,Sivir, false
Sion,Talon,Jarvan IV,Sona,Ashe, true
Nidalee,Yasuo,Wukong,Vayne,Leona, true
Syndra,Cho'Gath,Xin Zhao,Draven,Blitzcrank, false
Kha'Zix,Ziggs,Fiddlesticks,Draven,Thresh, true
Zac,Brand,Hecarim,Jynx,Leona, false
Wukong,Xerath,Pantheon,Caitlyn,Janna, true
Fiora,LeBlanc,Udyr,Graves,Blitzcrank, false
Kayle,Annie,Renga,Caitlyn,Thresh, true
Gnar,Zed,Vi,Vayne,Zilean, false
Nasus,Ryze,Kha'Zix,Kalista,Janna, false
Teemo,Annie,Sejuani,Jynx,Thresh, false
Jarvan IV,Kassadin,Rek'Sai,Caitlyn,Sona, false
Riven,Ziggs,Fiddlesticks,Vayne,Vel'Koz, true
Garen,Azir,Fiddlesticks,Vayne,Leona, true
Fizz,Yasuo,Sejuani,Graves,Janna, false
Fiora,Zed,Diana,Jynx,Sona, true
Rumble,LeBlanc,Lee Sin,Kalista,Annie, false
Cho'Gath,Morgana,Warwick,Caitlyn,Leona, true
Kayle,Fiddlesticks,Rek'Sai,Vayne,Braum, false
Gnar,Gangplank,Diana,Kog'Maw,Janna, false
Azir,Mordekaiser,Rek'Sai,Draven,Thresh, true
Singed,Brand,Udyr,Varus,Sona, false
Wukong,Xerath,Jarvan IV,Sivir,Blitzcrank, true
Lissandra,Yasuo,Shaco,Lucian,Katarina, true
Tryndamere,Malzahar,Sejuani,Vayne,Ezreal, false
Cho'Gath,Malzahar,Xin Zhao,Caitlyn,Taric, true
Teemo,LeBlanc,Jarvan IV,Tristana,Sona, true
Garen,Cassiopeia,Cho'Gath,Twitch,Nunu, false
Gangplank,Zed,Lee Sin,Ezreal,Sona, false
Teemo,Annie,Jarvan IV,Varus,Leona, true
Gnar,Riven,Shaco,Vayne,Lux, false
Pantheon,Vel'Koz,Evelynn,Ezreal,Blitzcrank, true
Irelia,Tristana,Rek'Sai,Kalista,Soraka, false
Garen,Morgana,Sejuani,Lucian,Zilean, true
Jayce,Ziggs,Shaco,Ezreal,Thresh, false
Gangplank,LeBlanc,Vi,Tristana,Morgana, true
Fizz,Swain,Nocturne,Ashe,Thresh, true
Nidalee,Riven,Pantheon,Vayne,Nami, false
Fiora,Malzahar,Nunu,Caitlyn,Thresh, false
Evelynn,Zed,Vi,Corki,Vel'Koz, true
Malphite,Veigar,Udyr,Jynx,Thresh, true
Pantheon,Lux,Amumu,Caitlyn,Thresh, true
Nidalee,Yasuo,Kha'Zix,Graves,Blitzcrank, false
Irelia,Azir,Master Yi,Draven,Garen, true
Gnar,Yasuo,Shaco,Miss Fortune,Leona, false
Tryndamere,Katarina,Warwick,Caitlyn,Annie, true
Nidalee,Katarina,Jax,Vayne,Morgana, false
Riven,Orianna,Lee Sin,Ezreal,Blitzcrank, true
Alistar,Katarina,Tryndamere,Varus,Janna, false
Teemo,Fizz,Shen,Caitlyn,Sona, true
Rumble,Zed,Vi,Draven,Sona, true
Olaf,Malphite,Jarvan IV,Ashe,Janna, false
Sion,Yasuo,Teemo,Draven,Annie, true
Syndra,Twisted Fate,Shyvana,Caitlyn,Leona, false
Akali,Syndra,Jarvan IV,Tristana,Janna, false
Teemo,Veigar,Udyr,Graves,Vel'Koz, true
Riven,Syndra,Olaf,Ezreal,Blitzcrank, false
Gnar,Zed,Warwick,Ezreal,Thresh, false
Wukong,Veigar,Lee Sin,Kayle,Draven, true
Vladimir,Katarina,Sejuani,Caitlyn,Lulu, false
Irelia,Veigar,Vi,Kalista,Soraka, false
Renekton,Ahri,Rek'Sai,Vayne,Lulu, true
Jarvan IV,Zed,Master Yi,Miss Fortune,Lux, true
Darius,Brand,Rek'Sai,Draven,Morgana, false
Fiora,Vel'Koz,Poppy,Miss Fortune,Pantheon, true
Teemo,Zed,Wukong,Kog'Maw,Soraka, false
Irelia,Azir,Lee Sin,Lucian,Thresh, true
Azir,Lux,Vi,Graves,Lulu, true
Renekton,Riven,Amumu,Caitlyn,Nami, true
Jarvan IV,Jayce,Lee Sin,Graves,Morgana, false
Fiora,Fizz,Vi,Kalista,Morgana, false
Nasus,Annie,Lee Sin,Ashe,Thresh, true
Irelia,LeBlanc,Fiddlesticks,Yasuo,Sona, false
Sion,Ezreal,Gragas,Vayne,Sona, false
Renekton,Fizz,Shaco,Jynx,Soraka, true
Pantheon,Ahri,Sejuani,Jynx,Braum, false
Vladimir,Nidalee,Fiddlesticks,Ezreal,Morgana, true
Jax,Lux,Vi,Caitlyn,Vel'Koz, false
Xin Zhao,Yasuo,Zac,Vayne,Thresh, false
Maokai,Zed,Jarvan IV,Lucian,Brand, true
Elise,Mordekaiser,Rek'Sai,Caitlyn,Blitzcrank, true
Jayce,Ezreal,Elise,Jynx,Nidalee, false
Rek'Sai,Katarina,Fiora,Lucian,Nami, true
Gnar,Katarina,Wukong,Caitlyn,Sona, false
Pantheon,Ahri,Master Yi,Graves,Lux, true
Skarner,Jayce,Shaco,Annie,Lucian, true
Malphite,Kassadin,Lee Sin,Caitlyn,Janna, false
Shaco,Malzahar,Fiddlesticks,Quinn,Blitzcrank, true
Tryndamere,Katarina,Warwick,Graves,Soraka, false
Galio,Fizz,Nunu,Vayne,Blitzcrank, true
Shen,Malzahar,Lee Sin,Graves,Janna, false
Vi,Malphite,Pantheon,Ashe,Alistar, false
Renga,Jarvan IV,Fiddlesticks,Kalista,Lux, true
Alistar,Yasuo,Amumu,Caitlyn,Taric, false
Dr. Mundo,Malzahar,Maokai,Jynx,Blitzcrank, true
Karthus,Fizz,Shaco,Jynx,Vel'Koz, true
Malphite,Katarina,Kha'Zix,Jynx,Nami, true
Garen,Karthus,Shyvana,Ezreal,Sona, false
Garen,Zed,Pantheon,Zyra,Jynx, false
Xin Zhao,Yasuo,Shaco,Twitch,Blitzcrank, true
Nunu,Syndra,Jarvan IV,Corki,Nami, false
Jarvan IV,Swain,Sejuani,Caitlyn,Janna, false
Nidalee,Syndra,Xin Zhao,Tristana,Soraka, true
Nasus,Katarina,Amumu,Jynx,Leona, true
Akali,Zed,Udyr,Nami,Ashe, true
Poppy,Annie,Kha'Zix,Tristana,Leona, false
Vladimir,Zed,Rammus,Caitlyn,Lulu, true
Hecarim,Annie,Lee Sin,Jynx,Sona, false
Yasuo,Fizz,Warwick,Twitch,Annie, true
Zed,Ryze,Udyr,Tristana,Leona, false
Gangplank,Orianna,Master Yi,Ashe,Lulu, false
Pantheon,Xerath,Xin Zhao,Varus,Leona, true
Nidalee,LeBlanc,Volibear,Ezreal,Blitzcrank, false
Nasus,Swain,Kayle,Caitlyn,Thresh, true
Sion,Zed,Warwick,Tristana,Leona, false
Kayle,Malzahar,Malphite,Jynx,Lulu, true
Tryndamere,Zed,Amumu,Caitlyn,Vel'Koz, true
Yorick,Kayle,Shaco,Miss Fortune,Thresh, false
Darius,Ahri,Hecarim,Jynx,Kayle, true
Yasuo,Katarina,Lee Sin,Graves,Blitzcrank, true
Lissandra,Karthus,Amumu,Graves,Janna, false
Rumble,Zed,Nidalee,Tristana,Janna, true
Jarvan IV,Syndra,Vi,Jynx,Sona, false
Vladimir,Cho'Gath,Nocturne,Caitlyn,Taric, true
Teemo,Fizz,Jarvan IV,Sivir,Soraka, false
Morgana,Fizz,Wukong,Lucian,Blitzcrank, true
Darius,Riven,Fiddlesticks,Jynx,Alistar, true
Irelia,Swain,Kha'Zix,Vayne,Leona, true
Teemo,Volibear,Udyr,Caitlyn,Janna, false
Garen,Morgana,Trundle,Sivir,Karma, false
Mordekaiser,Brand,Rek'Sai,Varus,Thresh, false
Fiora,Akali,Amumu,Caitlyn,Sona, true
Riven,Kassadin,Evelynn,Kalista,Thresh, false
Malphite,Zed,Lee Sin,Ashe,Blitzcrank, false
Nasus,Katarina,Amumu,Graves,Thresh, false
Jarvan IV,Katarina,Pantheon,Vayne,Anivia, true
Xin Zhao,Vel'Koz,Sion,Caitlyn,Janna, false
Lissandra,Katarina,Vi,Ashe,Blitzcrank, true
Lulu,Veigar,Lee Sin,Graves,Morgana, false
Vladimir,Ezreal,Aatrox,Jynx,Sion, true
Vayne,Ryze,Master Yi,Twitch,Leona, true
Volibear,LeBlanc,Jarvan IV,Graves,Teemo, false
Singed,Zed,Diana,Caitlyn,Nami, true
Volibear,Annie,Shaco,Vayne,Cassiopeia, false
Darius,Mordekaiser,Rek'Sai,Corki,Thresh, true
Riven,Kassadin,Amumu,Vayne,Lux, false
Dr. Mundo,Cho'Gath,Vi,Lucian,Soraka, false
Darius,Akali,Nocturne,Draven,Morgana, true
Gragas,Katarina,Lee Sin,Vayne,Thresh, true
Renekton,Ahri,Jarvan IV,Jynx,Leona, false
Swain,Malzahar,Skarner,Kog'Maw,Lulu, false
Jarvan IV,Fiddlesticks,Shaco,Vayne,Morgana, true
Quinn,Vel'Koz,Volibear,Caitlyn,Thresh, false
Riven,Morgana,Shaco,Tristana,Zilean, true
Heimerdinger,Irelia,Lee Sin,Kalista,Braum, false
Garen,Yasuo,Fiddlesticks,Caitlyn,Nami, true
Garen,Zed,Fiora,Vayne,Sona, false
Gnar,Lux,Rek'Sai,Caitlyn,Janna, true
Sion,Jayce,Sejuani,Caitlyn,Leona, false
Yasuo,Syndra,Jarvan IV,Jynx,Thresh, true
Irelia,Nidalee,Renga,Vayne,Blitzcrank, true
Jayce,Twisted Fate,Lee Sin,Caitlyn,Morgana, false
Gnar,Talon,Amumu,Quinn,Sona, true
Riven,Lulu,Master Yi,Jynx,Leona, false
Ryze,Katarina,Xin Zhao,Tristana,Leona, false
Nidalee,Karthus,Amumu,Ashe,Morgana, false
Wukong,Morgana,Warwick,Draven,Soraka, false
Teemo,Anivia,Malphite,Kalista,Braum, true
Lee Sin,Yasuo,Fiddlesticks,Tristana,Nami, false
Nidalee,Cassiopeia,Nunu,Caitlyn,Morgana, true
Kassadin,Ahri,Shaco,Ezreal,Blitzcrank, true
Rumble,Zed,Jarvan IV,Graves,Sona, false
Olaf,Zed,Rammus,Jynx,Braum, false
Pantheon,LeBlanc,Jarvan IV,Caitlyn,Leona, true
Rumble,Annie,Rek'Sai,Sivir,Leona, true
Kayle,Morgana,Master Yi,Varus,Leona, false
Wukong,Kassadin,Shaco,Draven,Sona, false
Akali,Ahri,Kha'Zix,Graves,Blitzcrank, true
Diana,Zed,Udyr,Ezreal,Sona, false
Pantheon,LeBlanc,Fiddlesticks,Corki,Leona, true
Quinn,Lissandra,Rammus,Jynx,Thresh, false
Nasus,Katarina,Rek'Sai,Ashe,Morgana, false
Cho'Gath,Yasuo,Udyr,Quinn,Blitzcrank, true
Malphite,Annie,Gragas,Vayne,Thresh, false
Akali,Jarvan IV,Warwick,Ashe,Vel'Koz, true
Karma,Syndra,Nocturne,Morgana,Ezreal, false
Darius,Akali,Renga,Lucian,Taric, true
Mordekaiser,Talon,Warwick,Vayne,Leona, true
Renekton,Karthus,Lee Sin,Caitlyn,Janna, true
Lissandra,Yasuo,Jarvan IV,Jynx,Blitzcrank, false
Fiora,Azir,Xin Zhao,Jynx,Thresh, false
Jarvan IV,Xerath,Warwick,Graves,Leona, true
Garen,LeBlanc,Shaco,Caitlyn,Malphite, false
Gangplank,Annie,Jarvan IV,Jynx,Leona, true
Riven,Ezreal,Master Yi,Draven,Zyra, false
Olaf,Gangplank,Sejuani,Ezreal,Vel'Koz, true
Teemo,Katarina,Renga,Tristana,Karma, false
Vladimir,Ziggs,Vi,Ashe,Morgana, true
Dr. Mundo,LeBlanc,Wukong,Caitlyn,Nami, false
Renga,Ahri,Xin Zhao,Graves,Karma, true
Riven,Katarina,Master Yi,Ezreal,Thresh, false
Nasus,Syndra,Wukong,Graves,Janna, true
Tryndamere,Yasuo,Amumu,Tristana,Anivia, true
Ryze,Nidalee,Skarner,Draven,Thresh, true
Jarvan IV,Ryze,Nautilus,Kalista,Thresh, true
Irelia,Karthus,Shyvana,Draven,Braum, false
Master Yi,Veigar,Vi,Ashe,Sona, true
Kayle,Yasuo,Tryndamere,Sivir,Morgana, false
Kassadin,Veigar,Shyvana,Kalista,Karma, false
Lissandra,Katarina,Zac,Graves,Leona, true
Jarvan IV,Orianna,Zac,Vayne,Sona, false
Master Yi,Brand,Nunu,Jynx,Leona, true
Sion,Ahri,Renga,Graves,Lulu, false
Rumble,Yasuo,Sion,Graves,Thresh, false
Riven,Katarina,Volibear,Corki,Lulu, true
Shyvana,Katarina,Diana,Sivir,Thresh, true
Dr. Mundo,Kassadin,Vi,Caitlyn,Blitzcrank, false
Riven,Katarina,Warwick,Lucian,Nunu, true
Pantheon,Ahri,Warwick,Vayne,Janna, true
Nasus,Twisted Fate,Amumu,Lucian,Blitzcrank, true
Jayce,Lux,Master Yi,Caitlyn,Leona, false
Poppy,Ahri,Fiora,Kalista,Leona, true
Yasuo,Zyra,Master Yi,Ashe,Leona, true
Vladimir,Talon,Kha'Zix,Jynx,Sona, false
Trundle,Karma,Sejuani,Draven,Janna, false
Tryndamere,Anivia,Renekton,Vayne,Lux, true
Rek'Sai,Annie,Rammus,Kalista,Morgana, false
Pantheon,Annie,Amumu,Volibear,Vayne, false
Ryze,Orianna,Vi,Caitlyn,Taric, true
Riven,Zed,Lee Sin,Ezreal,Cho'Gath, true
Fiora,Annie,Shen,Vayne,Blitzcrank, false
Jax,Morgana,Xin Zhao,Ashe,Heimerdinger, true
Darius,Heimerdinger,Fiddlesticks,Tristana,Sona, false
Riven,Katarina,Amumu,Tristana,Blitzcrank, false
Swain,Anivia,Master Yi,Ezreal,Thresh, false
Blitzcrank,Ziggs,Volibear,Kalista,Leona, true
Cho'Gath,Malzahar,Rammus,Twitch,Morgana, false
Rumble,Diana,Udyr,Corki,Sona, true
Nidalee,Katarina,Rek'Sai,Ashe,Leona, false
Riven,Malzahar,Lee Sin,Caitlyn,Leona, true
Malphite,Ahri,Twitch,Jynx,Morgana, false
Jax,Vladimir,Rammus,Lucian,Sona, false
Teemo,Lux,Warwick,Caitlyn,Morgana, true
Sejuani,Kassadin,Master Yi,Caitlyn,Janna, false
Soraka,Kayle,Shaco,Lucian,Quinn, false
Irelia,Katarina,Veigar,Miss Fortune,Morgana, true
Pantheon,Lee Sin,Kha'Zix,Tristana,Sejuani, false
Dr. Mundo,Xerath,Xin Zhao,Lucian,Ashe, true
Teemo,Ahri,Shaco,Tristana,Thresh, false
Jax,Malzahar,Jarvan IV,Jynx,Sona, false
Pantheon,Yasuo,Fiddlesticks,Lux,Sivir, true
Syndra,Fizz,Lee Sin,Jynx,Thresh, false
Shen,Katarina,Warwick,Graves,Taric, true
Malphite,Xerath,Warwick,Sivir,Nami, true
Fiora,Lux,Vi,Jynx,Thresh, false
Darius,Akali,Kha'Zix,Draven,Leona, true
Warwick,Ahri,Lee Sin,Tristana,Braum, false
Nidalee,Akali,Jax,Caitlyn,Blitzcrank, true
Aatrox,Fizz,Warwick,Tristana,Morgana, false
Jax,Zed,Warwick,Graves,Thresh, false
Shen,Ahri,Vi,Jynx,Annie, true
Sion,Azir,Master Yi,Vayne,Blitzcrank, false
Gangplank,LeBlanc,Pantheon,Ezreal,Sona, true
Ezreal,Ahri,Pantheon,Thresh,Ashe, false
Wukong,Brand,Shaco,Ashe,Sivir, true
Fiora,Heimerdinger,Lee Sin,Graves,Leona, false
Jayce,Nidalee,Wukong,Graves,Blitzcrank, true
Riven,Kayle,Udyr,Morgana,Sivir, false
Sion,Talon,Jarvan IV,Sona,Ashe, true
Nidalee,Yasuo,Wukong,Vayne,Leona, true
Syndra,Cho'Gath,Xin Zhao,Draven,Blitzcrank, false
Kha'Zix,Ziggs,Fiddlesticks,Draven,Thresh, true
Zac,Brand,Hecarim,Jynx,Leona, false
Wukong,Xerath,Pantheon,Caitlyn,Janna, true
Fiora,LeBlanc,Udyr,Graves,Blitzcrank, false
Kayle,Annie,Renga,Caitlyn,Thresh, true
Gnar,Zed,Vi,Vayne,Zilean, false
Nasus,Ryze,Kha'Zix,Kalista,Janna, false
Heimerdinger,Yasuo,Jax,Lux,Jynx, false
Darius,LeBlanc,Warwick,Quinn,Zilean, true
Riven,Xerath,Nautilus,Lucian,Janna, false
Irelia,Corki,Fiddlesticks,Graves,Thresh, true
Shyvana,Yasuo,Lee Sin,Vayne,Morgana, true
Malphite,Syndra,Jarvan IV,Varus,Leona, false
Fiora,Brand,Vi,Tristana,Sona, false
Vladimir,Annie,Fiddlesticks,Caitlyn,Leona, false
Zed,Yasuo,Xin Zhao,Jynx,Lulu, true
Zac,Talon,Rek'Sai,Graves,Janna, false
Shen,Syndra,Shaco,Varus,Sona, true
Cho'Gath,LeBlanc,Rek'Sai,Ashe,Braum, false
Darius,Orianna,Warwick,Malphite,Jynx, true
Zed,Viktor,Olaf,Quinn,Soraka, false
Darius,Morgana,Fiora,Jynx,Malphite, false
Gangplank,Malzahar,Fiddlesticks,Sivir,Thresh, true
Renga,Katarina,Pantheon,Twitch,Janna, false
Warwick,Kassadin,Shen,Lucian,Nidalee, false
Shyvana,Xerath,Amumu,Sivir,Soraka, true
Hecarim,Xerath,Lee Sin,Annie,Zyra, false
Lissandra,LeBlanc,Warwick,Graves,Blitzcrank, true
Wukong,LeBlanc,Master Yi,Jynx,Leona, true
Trundle,Lissandra,Udyr,Ezreal,Morgana, false
Irelia,Jayce,Vi,Miss Fortune,Thresh, false
Nasus,Brand,Jarvan IV,Ashe,Morgana, true
Taric,Rumble,Volibear,Jynx,Leona, true
Dr. Mundo,Zed,Lee Sin,Tristana,Morgana, false
Teemo,Karthus,Wukong,Graves,Thresh, true
Gnar,Katarina,Xin Zhao,Lucian,Morgana, false
Vi,Fizz,Yorick,Jynx,Thresh, true
Olaf,Malzahar,Xin Zhao,Corki,Zilean, false
Pantheon,Yasuo,Malphite,Caitlyn,Cho'Gath, false
Sion,Annie,Rek'Sai,Jynx,Nami, true
Pantheon,Heimerdinger,Xin Zhao,Ezreal,Thresh, false
Darius,Brand,Fiddlesticks,Sivir,Leona, false
Tryndamere,Annie,Jax,Ashe,Janna, true
Nasus,Malzahar,Lee Sin,Tristana,Blitzcrank, false
Garen,Yasuo,Tryndamere,Ezreal,Blitzcrank, true
Kayle,Nidalee,Vi,Caitlyn,Leona, false
Riven,Azir,Vi,Caitlyn,Soraka, true
Jarvan IV,Ziggs,Vi,Ezreal,Morgana, false
Irelia,Mordekaiser,Cho'Gath,Ezreal,Thresh, true
Nasus,Malzahar,Xin Zhao,Graves,Thresh, false
Jax,Nidalee,Master Yi,Jynx,Xerath, true
Garen,Zed,Jarvan IV,Caitlyn,Blitzcrank, false
Fiora,Ahri,Pantheon,Lucian,Zyra, true
Irelia,Syndra,Riven,Corki,Thresh, false
Trundle,Azir,Kha'Zix,Lucian,Brand, false
Jarvan IV,Nidalee,Udyr,Tristana,Janna, true
Hecarim,Master Yi,Lee Sin,Corki,Nami, false
Jayce,Brand,Jarvan IV,Graves,Sona, true
Rumble,Jayce,Jarvan IV,Caitlyn,Janna, false
Swain,Yasuo,Lee Sin,Ezreal,Alistar, true
Gnar,Akali,Rek'Sai,Vayne,Lux, false
Fiora,Swain,Nocturne,Kalista,Thresh, true
Cho'Gath,Zed,Xin Zhao,Graves,Taric, false
Teemo,Swain,Amumu,Caitlyn,Nami, true
Singed,Ahri,Rammus,Vayne,Thresh, false
Jax,Zilean,Master Yi,Miss Fortune,Zyra, false
Lissandra,LeBlanc,Jarvan IV,Lucian,Gangplank, true
Irelia,Orianna,Fiddlesticks,Graves,Leona, false
Darius,Talon,Xin Zhao,Graves,Morgana, false
Garen,Ahri,Jarvan IV,Corki,Nami, true
Pantheon,Yasuo,Lee Sin,Ashe,Janna, false
Wukong,Talon,Jarvan IV,Varus,Blitzcrank, true
Tryndamere,Malzahar,Master Yi,Jynx,Leona, false
Nasus,Cassiopeia,Jax,Corki,Morgana, true
Annie,Swain,Fiddlesticks,Ezreal,Morgana, false
Lissandra,LeBlanc,Lee Sin,Draven,Lulu, true
Fiora,Katarina,Vi,Draven,Leona, true
Veigar,Riven,Sejuani,Tristana,Blitzcrank, false
Riven,Ashe,Rek'Sai,Caitlyn,Volibear, true
Riven,Syndra,Evelynn,Ashe,Taric, true
Irelia,Kassadin,Twitch,Tristana,Blitzcrank, false
Nasus,Talon,Warwick,Vayne,Thresh, true
Diana,Fizz,Shaco,Jynx,Blitzcrank, false
Pantheon,Lissandra,Vi,Tristana,Alistar, true
Vayne,Akali,Udyr,Jynx,Thresh, false
Tryndamere,Zed,Lee Sin,Corki,Morgana, false
Riven,Lissandra,Pantheon,Caitlyn,Leona, true
Jarvan IV,Cassiopeia,Evelynn,Vayne,Nami, true
Riven,Kha'Zix,Nautilus,Graves,Leona, false
Swain,Talon,Rek'Sai,Twitch,Alistar, true
Singed,Ziggs,Shyvana,Kalista,Leona, true
Malphite,Ahri,Jarvan IV,Tristana,Thresh, false
Jarvan IV,LeBlanc,Vi,Jynx,Lux, true
Yasuo,Fizz,Warwick,Graves,Morgana, true
Volibear,LeBlanc,Udyr,Twitch,Janna, false
Shaco,Ezreal,Vi,Varus,Nami, true
Heimerdinger,Pantheon,Warwick,Draven,Blitzcrank, true
Udyr,Katarina,Wukong,LeBlanc,Sona, false
Volibear,Lux,Master Yi,Caitlyn,Leona, true
Urgot,Gragas,Lee Sin,Varus,Leona, false
Darius,Ahri,Jarvan IV,Ezreal,Morgana, true
Dr. Mundo,Vel'Koz,Sejuani,Jynx,Blitzcrank, true
Teemo,Syndra,Pantheon,Ezreal,Sona, false
Wukong,Xerath,Pantheon,Jynx,Braum, true
Quinn,Lucian,Kayle,Caitlyn,Thresh, false
Singed,Anivia,Lee Sin,Lucian,Thresh, true
Wukong,Heimerdinger,Shyvana,Caitlyn,Fiddlesticks, false
Cho'Gath,Diana,Riven,Ezreal,Leona, false
Vayne,LeBlanc,Warwick,Sivir,Morgana, true
Gangplank,Brand,Shaco,Miss Fortune,Morgana, true
Riven,Talon,Jarvan IV,Jynx,Janna, false
Nasus,Zed,Tryndamere,Draven,Leona, false
Riven,Orianna,Nunu,Jynx,Morgana, true
Pantheon,Ziggs,Shaco,Corki,Zyra, false
Garen,Zed,Elise,Nidalee,Ezreal, false
Wukong,Annie,Jarvan IV,Graves,Kayle, true
Riven,Annie,Lee Sin,Vayne,Zilean, true
Darius,Cho'Gath,Kha'Zix,Caitlyn,Morgana, false
Jayce,Annie,Vi,Vayne,Morgana, true
Renga,Ziggs,Shyvana,Lucian,Janna, true
Olaf,Yasuo,Wukong,Caitlyn,Sona, false
Teemo,Malzahar,Vi,Caitlyn,Leona, false
Riven,Vel'Koz,Sejuani,Twitch,Braum, true
Yasuo,Nidalee,Warwick,Graves,Lux, false
Zed,Twisted Fate,Jax,Ezreal,Lux, true
Pantheon,Azir,Olaf,Corki,Sona, false
Tryndamere,LeBlanc,Vi,Lucian,Morgana, true
Dr. Mundo,Katarina,Jarvan IV,Tristana,Thresh, false
Udyr,Kassadin,Lee Sin,Vayne,Sona, false
Swain,Jayce,Renga,Kalista,Lulu, true
Galio,Anivia,Rek'Sai,Quinn,Leona, false
Kayle,Evelynn,Nocturne,Vayne,Leona, true
Nasus,Zyra,Pantheon,Lucian,Sona, false
Irelia,Ahri,Master Yi,Graves,Leona, true
Ryze,Annie,Rek'Sai,Corki,Thresh, true
Cho'Gath,Zed,Vi,Sivir,Sion, false
Fiora,Xerath,Hecarim,Caitlyn,Syndra, false
Jayce,Fizz,Diana,Jynx,Jax, true
Fiora,Heimerdinger,Renga,Lucian,Leona, false
Irelia,Yasuo,Jarvan IV,Jynx,Janna, true
LeBlanc,Riven,Nautilus,Vayne,Soraka, false
Teemo,Ahri,Lee Sin,Tristana,Morgana, false
Riven,Lux,Warwick,Ashe,Volibear, true
Vladimir,Heimerdinger,Jarvan IV,Ashe,Nami, true
Jayce,Katarina,Nunu,Caitlyn,Thresh, false
Nasus,Cassiopeia,Udyr,Tristana,Annie, true
Fiora,Ahri,Rek'Sai,Caitlyn,Thresh, false
Rumble,Syndra,Master Yi,Ezreal,Lulu, false
Pantheon,Lissandra,Amumu,Jynx,Blitzcrank, true
Riven,Karma,Elise,Sivir,Thresh, false
Gnar,Lux,Xin Zhao,Malphite,Ezreal, true
Garen,Vel'Koz,Olaf,Jynx,Nami, false
Rek'Sai,Brand,Warwick,Lucian,Lux, true
Fiora,Lux,Udyr,Graves,Morgana, true
Aatrox,Cassiopeia,Fiddlesticks,Gnar,Thresh, false
Tryndamere,Orianna,Wukong,Jynx,Nami, false
Nasus,Brand,Jarvan IV,Draven,Thresh, true
Cho'Gath,Graves,Fiddlesticks,Caitlyn,Morgana, true
Nasus,Nidalee,Nunu,Kalista,Nami, false
Irelia,Xerath,Wukong,Caitlyn,Taric, true
Garen,Karma,Udyr,Sivir,Braum, true
Singed,Karthus,Lee Sin,Ashe,Leona, false
Irelia,Yasuo,Rek'Sai,Karma,Sivir, false
Alistar,Vel'Koz,Jarvan IV,Ashe,Leona, true
Teemo,Yasuo,Shaco,Lucian,Thresh, true
Rumble,Orianna,Riven,Graves,Lulu, false
Garen,Ahri,Vi,Jynx,Thresh, true
Garen,Lux,Renga,Ashe,Braum, false
Irelia,Brand,Fiora,Jynx,Blitzcrank, true
Maokai,Ezreal,Olaf,Lucian,Nami, false
Shen,Syndra,Diana,Kalista,Leona, true
Lee Sin,Ahri,Hecarim,Ashe,Taric, true
Nasus,Orianna,Shaco,Kalista,Janna, false
Riven,Heimerdinger,Xin Zhao,Ashe,Blitzcrank, true
Irelia,Ahri,Lee Sin,Morgana,Graves, false
Darius,Ahri,Shaco,Graves,Thresh, true
Renekton,Diana,Amumu,Ezreal,Nami, false
Renekton,Zed,Udyr,Tristana,Vel'Koz, true
Singed,Fizz,Hecarim,Jynx,Blitzcrank, false
Jarvan IV,LeBlanc,Lee Sin,Lucian,Thresh, false
Teemo,Ashe,Rek'Sai,Vayne,Morgana, true
Riven,Vladimir,Amumu,Twitch,Soraka, false
Warwick,Malzahar,Sejuani,Varus,Braum, false
Shyvana,Yasuo,Rek'Sai,Graves,Thresh, true
Darius,Yasuo,Vi,Sivir,Alistar, true
Riven,Master Yi,Rek'Sai,Ezreal,Annie, false
Maokai,Zilean,Shaco,Kalista,Thresh, false
Jayce,Veigar,Wukong,Draven,Malphite, true
Xin Zhao,Diana,Jarvan IV,Graves,Thresh, false
Irelia,Lux,Wukong,Caitlyn,Karma, false
Swain,Nidalee,Jax,Graves,Leona, true
Ryze,Fizz,Lee Sin,Kalista,Thresh, false
Nasus,Zed,Rek'Sai,Graves,Leona, true
Lissandra,Ryze,Vi,Sivir,Leona, false
Malphite,Cassiopeia,Shaco,Corki,Sona, true
Renga,Malzahar,Jax,Vayne,Braum, true
Vladimir,Ahri,Master Yi,Caitlyn,Blitzcrank, false
Vladimir,LeBlanc,Riven,Lucian,Janna, false
Jax,Brand,Sejuani,Ashe,Leona, true
Teemo,Gragas,Fiddlesticks,Vayne,Thresh, false
Gnar,Blitzcrank,Warwick,Vayne,Lulu, true
Pantheon,Brand,Nautilus,Ezreal,Thresh, false
Pantheon,Lux,Hecarim,Graves,Blitzcrank, true
Yasuo,Ahri,Rek'Sai,Draven,Blitzcrank, true
Nasus,Lux,Master Yi,Graves,Thresh, false
Riven,Lux,Jax,Lucian,Thresh, false
Diana,Syndra,Tryndamere,Caitlyn,Sona, true
Tryndamere,Ahri,Jarvan IV,Ezreal,Janna, true
Jax,Yasuo,Vi,Graves,Xerath, false
Jax,LeBlanc,Shaco,Ezreal,Lux, false
Dr. Mundo,Zed,Lee Sin,Vayne,Thresh, false
Irelia,Mordekaiser,Lee Sin,Kalista,Annie, true
Nasus,Talon,Xin Zhao,Vayne,Brand, false
Renekton,Mordekaiser,Nocturne,Ashe,Janna, true
Riven,Malzahar,Warwick,Corki,Leona, false
Zac,LeBlanc,Fiddlesticks,Lucian,Lulu, false
Tryndamere,Syndra,Lee Sin,Varus,Annie, true
Fizz,Mordekaiser,Rek'Sai,Vayne,Blitzcrank, true
Riven,Veigar,Nocturne,Vayne,Sona, true
Nasus,Zed,Master Yi,Kalista,Blitzcrank, true
Anivia,Yasuo,Jarvan IV,Jynx,Annie, false
Malzahar,Ahri,Lee Sin,Corki,Blitzcrank, true
Gangplank,Zed,Amumu,Kalista,Leona, false
Cho'Gath,Malzahar,Xin Zhao,Caitlyn,Ryze, true
Jayce,Lux,Warwick,Vayne,Thresh, false
Nasus,LeBlanc,Rek'Sai,Graves,Annie, true
Irelia,Syndra,Xin Zhao,Kog'Maw,Thresh, false
Shen,Malzahar,Master Yi,Kalista,Azir, false
Wukong,Talon,Warwick,Jynx,Nami, true
Nasus,Fizz,Renga,Blitzcrank,Twitch, true
Darius,Cassiopeia,Tryndamere,Sivir,Braum, true
Quinn,Malzahar,Rek'Sai,Lucian,Janna, false
Gnar,Zed,Rek'Sai,Graves,Nami, true
Lissandra,Syndra,Pantheon,Corki,Morgana, false
Teemo,Veigar,Volibear,Graves,Janna, true
Darius,Azir,Lee Sin,Vayne,Lux, false
Akali,Heimerdinger,Pantheon,Vayne,Alistar, true
Renekton,Brand,Jarvan IV,Caitlyn,Thresh, false
Irelia,Swain,Hecarim,Jynx,Blitzcrank, false
Pantheon,Twisted Fate,Xin Zhao,Caitlyn,Braum, true
Garen,Heimerdinger,Lee Sin,Miss Fortune,Annie, false
Heimerdinger,Ahri,Rammus,Caitlyn,Thresh, true
Ashe,Xerath,Sion,Caitlyn,Lulu, true
Jax,Lux,Vi,Tristana,Sona, false
Rumble,Vel'Koz,Pantheon,Jynx,Sona, true
Darius,Lissandra,Pantheon,Ashe,Lux, true
Jayce,Katarina,Lee Sin,Tristana,Leona, false
Fiora,Veigar,Rek'Sai,Jynx,Morgana, true
Nasus,Katarina,Trundle,Corki,Morgana, true
Vayne,Malzahar,Shaco,Caitlyn,Alistar, false
Sion,Twisted Fate,Nautilus,Jynx,Thresh, false
Lulu,Malzahar,Kha'Zix,Jynx,Janna, true
Nasus,Ahri,Udyr,Graves,Sona, false
Fiora,Veigar,Sejuani,Morgana,Jynx, false
Maokai,Zed,Vi,Tristana,Nami, true
Ashe,Katarina,Master Yi,Zed,Xerath, true
Irelia,Nidalee,Pantheon,Ezreal,Soraka, false
Jarvan IV,Morgana,Maokai,Miss Fortune,Thresh, true
Nasus,Ahri,Lee Sin,Gnar,Sona, false
Yasuo,LeBlanc,Master Yi,Lucian,Leona, false
Gnar,Gragas,Udyr,Caitlyn,Brand, false
Lux,Heimerdinger,Vi,Zyra,Twitch, true
Vladimir,Jayce,Darius,Varus,Vel'Koz, true
Annie,Fizz,Sion,Graves,Leona, true
Gangplank,Talon,Lee Sin,Caitlyn,Soraka, false
Nidalee,Katarina,Lee Sin,Jynx,Sona, true
Riven,Azir,Jarvan IV,Sivir,Morgana, false
Fiora,Lissandra,Jarvan IV,Draven,Blitzcrank, false
Jax,Katarina,Vi,Kalista,Thresh, true
Zed,Ahri,Master Yi,Morgana,Tristana, false
Gangplank,Heimerdinger,Jarvan IV,Caitlyn,Thresh, true
Ryze,Akali,Renga,Sivir,Zilean, true
Gnar,Nidalee,Vi,Miss Fortune,Lux, false
Ashe,Katarina,Warwick,Lucian,Morgana, true
Fiora,Xerath,Tryndamere,Caitlyn,Soraka, false
Riven,Heimerdinger,Warwick,Corki,Thresh, true
Renekton,Malzahar,Vi,Caitlyn,Braum, false
Nasus,Twisted Fate,Udyr,Jynx,Blitzcrank, true
Wukong,Nidalee,Warwick,Vayne,Karma, false
Jarvan IV,Veigar,Pantheon,Caitlyn,Leona, true
Riven,Orianna,Kha'Zix,Ezreal,Blitzcrank, false
Tryndamere,Fizz,Master Yi,Varus,Annie, true
Nasus,Kassadin,Vi,Miss Fortune,Lux, false
Tryndamere,Katarina,Jarvan IV,Corki,Janna, false
Pantheon,Karthus,Jarvan IV,Varus,Sona, false
Nasus,Janna,Master Yi,Caitlyn,Annie, true
Irelia,Vel'Koz,Hecarim,Jynx,Morgana, true
Gnar,Talon,Lee Sin,Ezreal,Blitzcrank, true
Heimerdinger,Ziggs,Vi,Twitch,Fiddlesticks, false
Kassadin,LeBlanc,Jarvan IV,Graves,Thresh, true
Jarvan IV,Orianna,Vi,Graves,Thresh, false
Irelia,Annie,Lee Sin,Caitlyn,Janna, true
Cho'Gath,Zed,Warwick,Miss Fortune,Lulu, true
Riven,Syndra,Master Yi,Tristana,Nami, false
Teemo,Mordekaiser,Master Yi,Thresh,Miss Fortune, false
Pantheon,Swain,Dr. Mundo,Kalista,Soraka, false
Shen,Ahri,Lee Sin,Caitlyn,Morgana, true
Shen,Ahri,Jarvan IV,Draven,Thresh, true
Darius,Yasuo,Sion,Caitlyn,Sona, false
Rek'Sai,LeBlanc,Warwick,Graves,Janna, false
Volibear,Fizz,Xin Zhao,Jynx,Thresh, true
Kayle,Akali,Lee Sin,Caitlyn,Zyra, false
Garen,Annie,Nidalee,Vayne,Janna, true
Wukong,Katarina,Vi,Lux,Twitch, false
Riven,Nidalee,Vi,Quinn,Sona, false
Jarvan IV,Syndra,Nunu,Jynx,Malphite, true
Lee Sin,Lux,Sejuani,Graves,Janna, false
Nasus,Yasuo,Lee Sin,Draven,Janna, true
Teemo,Nidalee,Volibear,Leona,Caitlyn, false
Jax,Akali,Elise,Ezreal,Leona, true
Akali,Jarvan IV,Shyvana,Tristana,Leona, true
Gangplank,Nidalee,Jarvan IV,Caitlyn,Leona, false
Malphite,Nidalee,Jarvan IV,Vayne,Janna, true
Gnar,Syndra,Warwick,Graves,Blitzcrank, false
Malphite,Twisted Fate,Pantheon,Ezreal,Janna, true
Nasus,Fizz,Lee Sin,Miss Fortune,Thresh, false
Riven,Orianna,Elise,Ezreal,Thresh, true
Yasuo,Ryze,Malphite,Kalista,Leona, false
Zac,Kalista,Warwick,Ezreal,Morgana, true
Sion,Malzahar,Warwick,Blitzcrank,Caitlyn, false
Swain,Ziggs,Shyvana,Kalista,Sona, true
Cassiopeia,Katarina,Vi,Graves,Leona, false
Nasus,Cassiopeia,Rek'Sai,Miss Fortune,Sona, true
Jax,Katarina,Alistar,Graves,Nami, false
Shen,Ezreal,Amumu,Tristana,Pantheon, true
Volibear,Shaco,Skarner,Sivir,Nidalee, true
Gnar,Katarina,Pantheon,Vayne,Taric, false
Galio,LeBlanc,Master Yi,Caitlyn,Thresh, true
Pantheon,Malzahar,Vi,Sivir,Janna, true
Riven,Zed,Fiddlesticks,Jynx,Soraka, false
Riven,Zed,Master Yi,Draven,Morgana, false
Tryndamere,Diana,Fiddlesticks,Tristana,Thresh, true
Darius,Lux,Karma,Jynx,Morgana, true
Jax,Heimerdinger,Kha'Zix,Caitlyn,Sona, false
Maokai,Veigar,Vi,Kalista,Annie, true
Thresh,LeBlanc,Evelynn,Jynx,Zyra, false
Xin Zhao,Brand,Zac,Graves,Sona, true
Pantheon,Zed,Hecarim,Vayne,Leona, false
Teemo,Fizz,Warwick,Caitlyn,Thresh, true
Fiora,Talon,Rek'Sai,Sivir,Volibear, false
Darius,Zilean,Jarvan IV,Corki,Janna, true
Akali,Talon,Vi,Caitlyn,Braum, false
Nasus,Kassadin,Gnar,Lucian,Braum, true
Riven,Katarina,Lee Sin,Caitlyn,Lulu, false
Mordekaiser,Heimerdinger,Diana,Caitlyn,Leona, true
Lissandra,Katarina,Lee Sin,Jynx,Thresh, true
Gnar,LeBlanc,Vi,Graves,Annie, false
Talon,Lux,Udyr,Varus,Blitzcrank, true
Darius,Xin Zhao,Nunu,Jynx,Janna, false
Maokai,Malzahar,Skarner,Ezreal,Morgana, true
Nasus,Katarina,Pantheon,Jynx,Morgana, false
Darius,Zed,Warwick,Jynx,Volibear, false
Shen,Yasuo,Sejuani,Caitlyn,Braum, true
Riven,Viktor,Xin Zhao,Graves,Morgana, false
Nasus,LeBlanc,Sejuani,Miss Fortune,Sona, false
Tryndamere,Lissandra,Warwick,Graves,Leona, true
Pantheon,Katarina,Lee Sin,Vayne,Teemo, false
Irelia,Brand,Master Yi,Vayne,Zilean, true
Darius,Zed,Rek'Sai,Tristana,Ahri, false
Nasus,LeBlanc,Poppy,Caitlyn,Annie, true
Elise,Ryze,Nunu,Sivir,Zilean, false
Tryndamere,Malphite,Master Yi,Caitlyn,Morgana, true
Renga,Heimerdinger,Volibear,Miss Fortune,Singed, false
Renekton,Ahri,Lee Sin,Vayne,Nami, false
Yorick,Mordekaiser,Nocturne,Ezreal,Leona, true
Master Yi,Annie,Hecarim,Lucian,Thresh, false
Nasus,Fizz,Warwick,Miss Fortune,Zilean, true
Pantheon,Zed,Renga,Lucian,Thresh, false
Darius,Lissandra,Jax,Tristana,Leona, true
Cassiopeia,Nidalee,Jarvan IV,Graves,Leona, true
Pantheon,Fizz,Kha'Zix,Ezreal,Nami, false
Xin Zhao,Lux,Jarvan IV,Graves,Blitzcrank, false
Mordekaiser,Lissandra,Vi,Varus,Nami, true
Jax,LeBlanc,Rammus,Sivir,Janna, true
Gnar,Akali,Master Yi,Corki,Thresh, false
Lucian,Kassadin,Lee Sin,Alistar,Caitlyn, false
Olaf,Ahri,Warwick,Quinn,Taric, true
Nasus,Viktor,Xin Zhao,Tristana,Thresh, false
Gnar,Orianna,Shaco,Caitlyn,Blitzcrank, true
Garen,Xerath,Poppy,Ezreal,Thresh, true
Sion,Malzahar,Jarvan IV,Caitlyn,Braum, false
Veigar,Wukong,Pantheon,Draven,Braum, true
Trundle,Orianna,Renekton,Vayne,Thresh, false
Yasuo,Karma,Lee Sin,Lucian,Braum, true
Renga,Veigar,Malphite,Corki,Thresh, false
Darius,Xerath,Teemo,Jynx,Leona, true
Jarvan IV,Katarina,Vi,Vayne,Thresh, false
Cho'Gath,Zed,Singed,Tristana,Nami, false
Fiora,Syndra,Sion,Lucian,Blitzcrank, true
Mordekaiser,Nidalee,Warwick,Corki,Thresh, false
Wukong,Anivia,Renga,Ezreal,Taric, false
Jax,LeBlanc,Lee Sin,Kalista,Janna, true
Wukong,Heimerdinger,Renga,Vayne,Braum, true
Nasus,Ahri,Teemo,Caitlyn,Blitzcrank, false
Ryze,Ahri,Vi,Jynx,Morgana, true
Malphite,LeBlanc,Olaf,Lucian,Thresh, false
Malphite,Ahri,Lee Sin,Graves,Sona, true
Twisted Fate,Pantheon,Warwick,Vayne,Nami, true
Yorick,Zed,Gragas,Shen,Miss Fortune, false
Xin Zhao,Xerath,Warwick,Vayne,Zilean, true
Shen,Katarina,Udyr,Jynx,Leona, false
Zed,Brand,Pantheon,Jynx,Leona, false
Irelia,Zed,Elise,Jynx,Morgana, true
Riven,Diana,Lee Sin,Graves,Lulu, false
Nasus,Cassiopeia,Hecarim,Lucian,Braum, true
Riven,Brand,Xin Zhao,Kalista,Thresh, false
Fiora,Anivia,Tryndamere,Draven,Leona, true
Fiora,LeBlanc,Lee Sin,Tristana,Taric, false
Yasuo,Fizz,Nocturne,Ezreal,Leona, true
Sion,LeBlanc,Wukong,Vayne,Nami, false
Cho'Gath,Annie,Vi,Lucian,Leona, true
Fiora,LeBlanc,Renga,Miss Fortune,Morgana, false
Nasus,Akali,Volibear,Kalista,Thresh, true
Nasus,Yasuo,Cho'Gath,Graves,Sona, false
Teemo,Ahri,Nunu,Quinn,Braum, true
Jax,Lux,Jarvan IV,Caitlyn,Morgana, false
Vladimir,Ahri,Nasus,Graves,Thresh, true
Renga,Lissandra,Lee Sin,Ashe,Leona, false
Teemo,LeBlanc,Lee Sin,Ashe,Thresh, true
Riven,Orianna,Jarvan IV,Graves,Sona, false
Nasus,LeBlanc,Master Yi,Graves,Thresh, false
Akali,Ziggs,Amumu,Jynx,Blitzcrank, true
Lee Sin,Cassiopeia,Rammus,Tristana,Soraka, true
Irelia,Lissandra,Pantheon,Graves,Janna, false
Singed,Ezreal,Jarvan IV,Caitlyn,Braum, false
Rek'Sai,Ahri,Skarner,Jynx,Zilean, true
Irelia,Lux,Wukong,Caitlyn,Thresh, false
Nasus,Zilean,Vi,Morgana,Vayne, true
Nidalee,Orianna,Nunu,Corki,Thresh, false
Jax,Talon,Pantheon,Graves,Nami, true
Jax,Annie,Xin Zhao,Ezreal,Sona, true
Singed,Vladimir,Xin Zhao,Caitlyn,Thresh, false
Rumble,Heimerdinger,Jarvan IV,Varus,Blitzcrank, true
Gangplank,Akali,Renga,Shaco,Graves, false
Yorick,Caitlyn,Maokai,Jynx,Blitzcrank, false
Ryze,Annie,Lulu,Vayne,Braum, true
Cho'Gath,Orianna,Vi,Varus,Sion, false
Jayce,Lissandra,Wukong,Jynx,Thresh, false
Darius,Cassiopeia,Rammus,Caitlyn,Nami, true
Ryze,Orianna,Trundle,Caitlyn,Morgana, false
Kassadin,Twisted Fate,Lee Sin,Graves,Dr. Mundo, true
Gangplank,Annie,Renga,Jynx,Blitzcrank, false
Darius,Xerath,Vi,Corki,Nami, true
Riven,Xerath,Warwick,Tristana,Alistar, false
Rumble,Lux,Vi,Graves,Leona, true
Garen,Ahri,Xin Zhao,Vayne,Sona, true
Wukong,Diana,Fiora,Ashe,Thresh, false
Riven,Syndra,Udyr,Caitlyn,Janna, false
Pantheon,Heimerdinger,Master Yi,Ashe,Blitzcrank, false
Irelia,Akali,Jarvan IV,Rek'Sai,Caitlyn, true
Dr. Mundo,Fizz,Vi,Morgana,Jynx, false
Nasus,Zed,Fiddlesticks,Lucian,Teemo, false
Jarvan IV,Mordekaiser,Shyvana,Jynx,Soraka, true
Yasuo,Diana,Warwick,Draven,Leona, true
Garen,Heimerdinger,Master Yi,Ashe,Lulu, false
Aatrox,Teemo,Kha'Zix,Varus,Soraka, true
Fiora,Orianna,Amumu,Twitch,Janna, true
Gnar,Xerath,Xin Zhao,Ezreal,Brand, false
Kayle,Lux,Rammus,Miss Fortune,Blitzcrank, false
Olaf,Fizz,Wukong,Jynx,Karma, true
Volibear,Ryze,Udyr,Tristana,Leona, true
Jarvan IV,Tryndamere,Malphite,Karma,Vayne, false
Riven,Malzahar,Amumu,Ezreal,Nidalee, true
Gangplank,Morgana,Elise,Tristana,Janna, false
Renekton,Zed,Nunu,Lucian,Nami, false
Darius,Lulu,Sejuani,Sivir,Thresh, true
Ahri,Zed,Udyr,Graves,Lux, true
Gnar,Vladimir,Cho'Gath,Jynx,Thresh, false
Maokai,Azir,Fiddlesticks,Ashe,Thresh, true
Dr. Mundo,Zed,Rek'Sai,Caitlyn,Blitzcrank, false
Fiora,Cho'Gath,Xin Zhao,Caitlyn,Nami, false
Ryze,Sona,Sejuani,Lucian,Annie, true
Lissandra,Zed,Wukong,Miss Fortune,Braum, false
Riven,LeBlanc,Renga,Draven,Leona, true
Irelia,Orianna,Vi,Ezreal,Thresh, true
Pantheon,Kassadin,Jarvan IV,Kalista,Morgana, false
Kayle,Wukong,Tryndamere,Sivir,Blitzcrank, false
Jax,Vladimir,Jarvan IV,Ezreal,Janna, true
Vladimir,Urgot,Nunu,Draven,Leona, false
Pantheon,Fizz,Shen,Ezreal,Vel'Koz, true
Jarvan IV,Annie,Dr. Mundo,Jynx,Morgana, true
Olaf,Syndra,Rammus,Graves,Thresh, false
Teemo,Syndra,Rammus,Kalista,Soraka, true
Lissandra,Xerath,Udyr,Quinn,Blitzcrank, false
Diana,Darius,Pantheon,Graves,Janna, true
Aatrox,Yasuo,Rek'Sai,Thresh,Vayne, false
Vladimir,Nidalee,Renga,Tristana,Nami, true
Dr. Mundo,Kayle,Shyvana,Miss Fortune,Morgana, true
Cho'Gath,Twisted Fate,Amumu,Corki,Sona, false
Kassadin,Orianna,Nocturne,Kalista,Braum, true
Darius,Ahri,Jarvan IV,Jynx,Thresh, true
Renekton,LeBlanc,Fiddlesticks,Jynx,Blitzcrank, true
Jarvan IV,Gragas,Irelia,Kog'Maw,Morgana, false
Garen,Tristana,Shaco,Jynx,Thresh, true
Gnar,Kennen,Master Yi,Sivir,Shen, false
Singed,Vel'Koz,Dr. Mundo,Graves,Leona, false
Sion,Veigar,Jarvan IV,Jynx,Soraka, true
Riven,LeBlanc,Udyr,Miss Fortune,Karma, true
Nasus,Yasuo,Diana,Draven,Nami, false
Malphite,Syndra,Vi,Caitlyn,Morgana, true
Fiora,Xerath,Wukong,Tristana,Brand, false
Nasus,Kassadin,Shaco,Twitch,Braum, false
Kayle,Zed,Vi,Caitlyn,Morgana, true
Annie,Syndra,Vi,Corki,Janna, false
Wukong,Yasuo,Shaco,Lucian,Thresh, true
Lee Sin,Zed,Amumu,Vayne,Sona, false
Gangplank,Twisted Fate,Shaco,Corki,Thresh, true
Irelia,Syndra,Vi,Graves,Janna, false
Caitlyn,Kassadin,Xin Zhao,Miss Fortune,Leona, true
Yasuo,Kennen,Wukong,Ezreal,Taric, false
Shyvana,Katarina,Rek'Sai,Jynx,Amumu, true
Gnar,Annie,Cho'Gath,Twitch,Leona, false
Darius,Twisted Fate,Shaco,Jynx,Janna, true
Yorick,Yasuo,Sejuani,Graves,Sona, true
Irelia,Lux,Lee Sin,Vayne,Thresh, false
Singed,Ahri,Renga,Ezreal,Blitzcrank, false
Pantheon,Malzahar,Lee Sin,Corki,Thresh, true
Vladimir,Riven,Shen,Caitlyn,Janna, true
Maokai,Katarina,Warwick,Ezreal,Annie, true
Renekton,Orianna,Jayce,Tristana,Sona, false
Mordekaiser,Riven,Udyr,Ashe,Soraka, false
Vladimir,Vel'Koz,Vi,Jynx,Thresh, true
Pantheon,Riven,Maokai,Miss Fortune,Blitzcrank, true
Kha'Zix,Xin Zhao,Udyr,Braum,Tristana, false
Jax,Talon,Lee Sin,Quinn,Sona, true
Maokai,Zed,Lee Sin,Quinn,Morgana, false
Xin Zhao,Ezreal,Vi,Ashe,Morgana, true
Shen,Elise,Sejuani,Tristana,Annie, false
Darius,Yasuo,Elise,Tristana,Lulu, false
Kennen,Kassadin,Pantheon,Draven,Leona, true
Nasus,Vladimir,Lee Sin,Caitlyn,Fiddlesticks, false
Zac,Anivia,Renga,Miss Fortune,Thresh, true
Renekton,Orianna,Rammus,Lucian,Janna, true
Riven,Zed,Amumu,Graves,Nami, false
Garen,Teemo,Warwick,Miss Fortune,Morgana, true
Malphite,Lux,Rammus,Jynx,Blitzcrank, false
Pantheon,Anivia,Fiddlesticks,Graves,Janna, true
Jax,Azir,Pantheon,Vayne,Sona, true
Nunu,Yasuo,Amumu,Jynx,Leona, false
Irelia,Lulu,Vi,Graves,Thresh, false
Gnar,Fizz,Elise,Lucian,Blitzcrank, true
Malphite,Brand,Master Yi,Ashe,Morgana, true
Tryndamere,Xerath,Jax,Tristana,Leona, false
Malphite,Orianna,Fiddlesticks,Varus,Soraka, false
Tryndamere,Katarina,Wukong,Ashe,Thresh, true
Fiora,Katarina,Warwick,Corki,Annie, false
Diana,Swain,Wukong,Kog'Maw,Blitzcrank, true
Shen,Syndra,Lee Sin,Tristana,Thresh, false
Irelia,LeBlanc,Fiddlesticks,Ashe,Annie, true
Singed,Ahri,Zac,Graves,Blitzcrank, false
Heimerdinger,Kayle,Rek'Sai,Quinn,Morgana, true
Nidalee,Ahri,Xin Zhao,Jynx,Morgana, false
Riven,LeBlanc,Vi,Draven,Blitzcrank, true
Nasus,Syndra,Renga,Ashe,Blitzcrank, true
Garen,Xerath,Tryndamere,Caitlyn,Thresh, false
Irelia,Heimerdinger,Xin Zhao,Sona,Caitlyn, false
Master Yi,Azir,Sejuani,Caitlyn,Vel'Koz, true
Heimerdinger,Cassiopeia,Shyvana,Lucian,Morgana, false
Malphite,Brand,Master Yi,Vayne,Thresh, true
Vladimir,Cho'Gath,Wukong,Caitlyn,Braum, false
Malphite,Kennen,Wukong,Corki,Janna, true
Vayne,Zed,Maokai,Varus,Karma, true
Swain,Darius,Master Yi,Lucian,Blitzcrank, false
Teemo,Fizz,Poppy,Vayne,Thresh, true
Darius,Mordekaiser,Master Yi,Quinn,Galio, false
Riven,Katarina,Vi,Ezreal,Leona, true
Darius,Malzahar,Pantheon,Graves,Taric, false
Nasus,Karthus,Fiddlesticks,Corki,Janna, true
Teemo,Zed,Amumu,Graves,Thresh, false
Malphite,Annie,Nautilus,Draven,Nami, true
Irelia,Akali,Udyr,Lucian,Blitzcrank, true
Nasus,Talon,Jax,Tristana,Morgana, false
Riven,Ziggs,Vi,Corki,Leona, true
Aatrox,Orianna,Jarvan IV,Jynx,Nami, false
Rumble,Diana,Fiddlesticks,Ezreal,Blitzcrank, true
Riven,Cho'Gath,Udyr,Miss Fortune,Lux, false
Diana,Katarina,Vi,Ezreal,Sona, true
Nasus,Xerath,Rek'Sai,Graves,Thresh, true
Nidalee,Katarina,Warwick,Caitlyn,Alistar, false
Dr. Mundo,Syndra,Fiddlesticks,Lucian,Taric, false
Jax,Veigar,Nautilus,Caitlyn,Janna, true
Yasuo,Veigar,Akali,Ezreal,Leona, false
Teemo,Zed,Pantheon,Vladimir,Twitch, true
Renekton,Orianna,Amumu,Ezreal,Blitzcrank, false
Irelia,Fizz,Jax,Graves,Thresh, false
Malphite,Malzahar,Udyr,Jynx,Leona, true
Fiora,Lissandra,Rek'Sai,Tristana,Thresh, false
Irelia,Ahri,Sejuani,Vayne,Karma, true
Akali,Ziggs,Vi,Ezreal,Janna, false
Nasus,Veigar,Kha'Zix,Graves,Soraka, true
Malphite,Heimerdinger,Udyr,Miss Fortune,Blitzcrank, true
Cho'Gath,Katarina,Trundle,Jynx,Thresh, false
Cho'Gath,Karthus,Sejuani,Caitlyn,Leona, true
Wukong,Gragas,Rek'Sai,Miss Fortune,Braum, false
Lissandra,Orianna,Pantheon,Thresh,Blitzcrank, true
Nasus,Kassadin,Malphite,Lucian,Janna, true
Malphite,Zed,Shaco,Twitch,Sona, false
Rek'Sai,Zed,Wukong,Varus,Morgana, false
Anivia,Rumble,Nocturne,Draven,Nautilus, true
Shen,Ezreal,Master Yi,Caitlyn,Thresh, false
Lissandra,Ziggs,Jayce,Jynx,Sona, false
Gnar,Heimerdinger,Xin Zhao,Graves,Zilean, true
Diana,Zed,Amumu,Volibear,Gragas, false
Darius,Xerath,Shaco,Jynx,Morgana, false
Gangplank,Annie,Caitlyn,Sivir,Olaf, true
Jayce,Hecarim,Cho'Gath,Tristana,Nami, false
Jayce,Diana,Renga,Caitlyn,Leona, false
Tristana,Talon,Amumu,Katarina,Sona, true
Jayce,Malzahar,Vi,Ashe,Leona, false
Garen,Azir,Vi,Twitch,Soraka, true
Ashe,Vel'Koz,Renga,Graves,Nami, false
Shyvana,Lux,Lee Sin,Lucian,Nidalee, false
Tryndamere,Mordekaiser,Cho'Gath,Lucian,Leona, true
Lissandra,Yasuo,Sion,Caitlyn,Thresh, false
Lulu,Fiora,Rek'Sai,Kalista,Thresh, true
Cho'Gath,Fizz,Lee Sin,Graves,Nunu, false
Shen,Katarina,Wukong,Kalista,Thresh, true
Kassadin,Annie,Jarvan IV,Quinn,Azir, false
Riven,Yasuo,Amumu,Lucian,Sona, true
Kayle,Wukong,Udyr,Thresh,Varus, false
Fiora,Orianna,Elise,Sivir,Fiddlesticks, true
Vayne,Yasuo,Rammus,Lucian,Volibear, false
Garen,Lux,Vi,Caitlyn,Blitzcrank, true
Nasus,LeBlanc,Lee Sin,Jynx,Sona, true
Fiora,Zed,Fiddlesticks,Corki,Blitzcrank, false
Jayce,Annie,Amumu,Caitlyn,Morgana, true
Jarvan IV,Kassadin,Udyr,Tristana,Leona, false
Darius,Xerath,Olaf,Twitch,Lux, false
Nocturne,Ahri,Lee Sin,Vayne,Alistar, true
Ziggs,Yasuo,Sion,Caitlyn,Thresh, false
Pantheon,Heimerdinger,Fiddlesticks,Caitlyn,Thresh, false
Gangplank,Ezreal,Warwick,Kog'Maw,Veigar, true
Riven,Ziggs,Shaco,Kennen,Taric, false
Renekton,Malzahar,Vi,Corki,Morgana, true
Shaco,Zed,Pantheon,Caitlyn,Alistar, false
Darius,Malzahar,Master Yi,Lucian,Braum, true
Garen,Zed,Trundle,Vayne,Thresh, false
Rumble,Lissandra,Volibear,Lucian,Karma, true
Darius,Fizz,Pantheon,Lucian,Nautilus, false
Riven,Syndra,Lee Sin,Sivir,Nami, false
Jax,Viktor,Wukong,Ezreal,Sona, true
Riven,Zilean,Shyvana,Twitch,Janna, true
Irelia,Orianna,Master Yi,Tristana,Thresh, false
Fiora,Fiddlesticks,Tryndamere,Miss Fortune,Thresh, true
Elise,Katarina,Cho'Gath,Varus,Pantheon, false
Fiora,Annie,Elise,Caitlyn,Mordekaiser, false
Kalista,Katarina,Lee Sin,Tristana,Teemo, true
Wukong,LeBlanc,Kha'Zix,Blitzcrank,Tristana, false
Jax,Ezreal,Udyr,Graves,Sona, false
Aatrox,Karthus,Jarvan IV,Lucian,Blitzcrank, true
Malphite,Annie,Warwick,Caitlyn,Poppy, true
Vladimir,Syndra,Vi,Tristana,Morgana, true
Nasus,LeBlanc,Kha'Zix,Graves,Thresh, false
Jarvan IV,Fizz,Warwick,Corki,Sona, true
Kennen,Orianna,Amumu,Blitzcrank,Caitlyn, false
Garen,Katarina,Volibear,Sivir,Janna, true
Yorick,Annie,Lee Sin,Caitlyn,Sona, true
Teemo,Ahri,Jarvan IV,Quinn,Lux, false
Gnar,Karthus,Lee Sin,Graves,Morgana, true
Cassiopeia,Zed,Shaco,Vayne,Leona, false
Nasus,Lux,Vayne,Caitlyn,Leona, false
Fiora,Azir,Fiddlesticks,Graves,Nami, true
Singed,Twisted Fate,Pantheon,Graves,Leona, true
Teemo,Katarina,Rammus,Vayne,Thresh, false
Gangplank,Syndra,Shen,Vayne,Blitzcrank, true
Renekton,Morgana,Rek'Sai,Caitlyn,Braum, true
Irelia,Malphite,Jarvan IV,Corki,Blitzcrank, true
Nasus,Zyra,Kha'Zix,Ashe,Nami, false
Pantheon,Diana,Udyr,Caitlyn,Leona, false
Mordekaiser,Katarina,Master Yi,Tristana,Thresh, false
Volibear,Anivia,Lee Sin,Vayne,Nami, false
Olaf,Annie,Vi,Draven,Braum, true
Irelia,Ahri,Jarvan IV,Graves,Blitzcrank, true
Gnar,Veigar,Vi,Ezreal,Azir, true
Shen,Orianna,Renga,Corki,Thresh, false
Riven,Katarina,Renga,Corki,Leona, true
Gragas,Orianna,Amumu,Caitlyn,Morgana, false
Lee Sin,LeBlanc,Pantheon,Caitlyn,Sona, false
Olaf,Ahri,Xin Zhao,Draven,Janna, true
Teemo,Swain,Evelynn,Caitlyn,Blitzcrank, true
Garen,Twisted Fate,Amumu,Lucian,Taric, false
Renekton,Xerath,Vi,Caitlyn,Thresh, true
Malphite,Fizz,Amumu,Corki,Janna, false
Irelia,Fizz,Jarvan IV,Ashe,Annie, true
Jayce,Zed,Kha'Zix,Tristana,Morgana, true
Shen,Lissandra,Lee Sin,Nami,Jynx, false
Gnar,Talon,Elise,Ezreal,Karma, true
Vladimir,Miss Fortune,Pantheon,Vayne,Sona, false
Zed,LeBlanc,Evelynn,Caitlyn,Leona, true
Irelia,Jayce,Wukong,Draven,Blitzcrank, false
Fiora,Zed,Jarvan IV,Vayne,Leona, true
Darius,LeBlanc,Sejuani,Graves,Thresh, false
Riven,Orianna,Annie,Ashe,Thresh, true
Malzahar,Lissandra,Shaco,Twitch,Leona, true
Rek'Sai,Ziggs,Lucian,Ezreal,Janna, false
Gnar,LeBlanc,Kha'Zix,Draven,Thresh, true
Malphite,Xerath,Jax,Varus,Thresh, true
Shen,Malzahar,Lee Sin,Graves,Zilean, true
Riven,Akali,Jarvan IV,Tristana,Blitzcrank, false
Irelia,Lux,Lee Sin,Varus,Karma, true
Ryze,LeBlanc,Yorick,Jynx,Zyra, false
Kassadin,Malzahar,Sion,Ashe,Thresh, true
Riven,Azir,Diana,Tristana,Thresh, false
Shen,Karma,Jarvan IV,Jynx,Kayle, true
Sion,Veigar,Pantheon,Ezreal,Morgana, false
Master Yi,Xerath,Shaco,Kalista,Thresh, false
Riven,Lissandra,Vi,Caitlyn,Blitzcrank, true
Riven,Xerath,Sejuani,Ashe,Lulu, true
Cho'Gath,Karma,Renga,Ezreal,Annie, false
Rumble,Ziggs,Jax,Twisted Fate,Volibear, true
Jayce,Heimerdinger,Jarvan IV,Vayne,Morgana, false
Pantheon,Zed,Nocturne,Ashe,Morgana, false
Quinn,Jayce,Karthus,Lucian,Leona, false
Gnar,Katarina,Kayle,Caitlyn,Thresh, false
Garen,Kassadin,Hecarim,Jynx,Blitzcrank, true
Vladimir,Varus,Xin Zhao,Morgana,Annie, false
Heimerdinger,Ahri,Pantheon,Kalista,Thresh, false
Renekton,Malzahar,Vi,Tristana,Braum, true
Nasus,Malzahar,Tryndamere,Kalista,Morgana, false
Volibear,LeBlanc,Jarvan IV,Caitlyn,Thresh, true
Renekton,Katarina,Fiora,Sivir,Thresh, true
Garen,Annie,Jarvan IV,Ashe,Morgana, false
Vladimir,Viktor,Wukong,Jynx,Braum, true
Nasus,Malzahar,Master Yi,Sivir,Thresh, true
Aatrox,Fizz,Warwick,Tristana,Volibear, true
Cho'Gath,Akali,Renga,Jynx,Thresh, true
Ryze,LeBlanc,Fiddlesticks,Tristana,Zilean, false
Shen,Malzahar,Elise,Ezreal,Janna, false
Trundle,Wukong,Amumu,Corki,Sona, true
Renekton,Orianna,Rek'Sai,Graves,Annie, false
Gangplank,Akali,Rammus,Twitch,Janna, true
Alistar,Zed,Jarvan IV,Jynx,Vel'Koz, true
Rumble,Katarina,Fiora,Lucian,LeBlanc, false
Yasuo,Annie,Vi,Corki,Morgana, false
Cho'Gath,Katarina,Lee Sin,Ezreal,Thresh, false
Kayle,Veigar,Warwick,Volibear,Vayne, false
Teemo,Ahri,Riven,Quinn,Thresh, true
Nasus,Cassiopeia,Warwick,Graves,Nami, true
Malphite,Yasuo,Kha'Zix,Twitch,Alistar, false
Gangplank,Lissandra,Udyr,Caitlyn,Thresh, true
Jayce,Zed,Vi,Graves,Sona, false
Gnar,Vladimir,Lee Sin,Kalista,Janna, true
Rumble,Zed,Vi,Tristana,Nami, false
Poppy,Brand,Renga,Kalista,Leona, false
Akali,LeBlanc,Sejuani,Lux,Jynx, false
Shyvana,LeBlanc,Vi,Tristana,Morgana, true
Fiora,Ahri,Master Yi,Corki,Braum, false
Swain,Brand,Vi,Corki,Braum, true
Wukong,Zed,Maokai,Ashe,Zyra, false
Irelia,LeBlanc,Jarvan IV,Caitlyn,Blitzcrank, true
Tryndamere,Kassadin,Sion,Graves,Thresh, false
Aatrox,Zed,Amumu,Lucian,Lux, false
Master Yi,Fizz,Jarvan IV,Graves,Karma, true
Gangplank,Yasuo,Jarvan IV,Kalista,Morgana, false
Ryze,Ahri,Amumu,Caitlyn,Thresh, true
Garen,Orianna,Renga,Jynx,Morgana, true
Quinn,Brand,Jarvan IV,Lucian,Nami, false
Nidalee,Lissandra,Warwick,Kalista,Blitzcrank, false
Irelia,Vladimir,Nocturne,Draven,Morgana, true
Jax,Brand,Skarner,Corki,Thresh, false
Cho'Gath,Ahri,Lee Sin,Vayne,Braum, false
Riven,Swain,Rek'Sai,Graves,Blitzcrank, true
Gnar,Twisted Fate,Fiddlesticks,Graves,Thresh, false
Malphite,Yasuo,Nocturne,Corki,Blitzcrank, true
Nasus,Malzahar,Warwick,Jynx,Lux, true
Riven,Morgana,Shaco,Graves,Annie, false
Irelia,Twisted Fate,Gragas,Kalista,Thresh, false
Lissandra,Yasuo,Volibear,Caitlyn,Malphite, true
Nasus,Syndra,Udyr,Kog'Maw,Leona, true
Trundle,LeBlanc,Lee Sin,Ashe,Malphite, false
Tryndamere,Heimerdinger,Rek'Sai,Ezreal,Blitzcrank, true
Dr. Mundo,Morgana,Master Yi,Jynx,Thresh, false
Gnar,Zed,Rek'Sai,Caitlyn,Fiddlesticks, true
Irelia,Ahri,Shyvana,Jynx,Morgana, false
Nasus,Ahri,Master Yi,Vayne,Vel'Koz, false
Warwick,Annie,Rek'Sai,Quinn,Taric, true
Yasuo,Xerath,Warwick,Caitlyn,Thresh, true
Gnar,Ryze,Kha'Zix,Draven,Annie, false
Lissandra,Heimerdinger,Xin Zhao,Vayne,Karma, false
Dr. Mundo,Morgana,Fiddlesticks,Corki,Braum, true
Malphite,Diana,Yasuo,Caitlyn,Lux, false
Renga,Zed,Jarvan IV,Graves,Thresh, false
Azir,Lissandra,Lee Sin,Graves,Soraka, true
Rek'Sai,Ezreal,Renga,Kog'Maw,Blitzcrank, false
Master Yi,Fizz,Sejuani,Graves,Thresh, true
Malphite,Yasuo,Fiddlesticks,Lucian,Braum, false
Malphite,Swain,Kha'Zix,Caitlyn,Morgana, false
Yorick,Katarina,Jarvan IV,Teemo,Volibear, false
Irelia,Tristana,Elise,Caitlyn,Leona, false
Riven,Karthus,Warwick,Morgana,Ezreal, true
Darius,Swain,Jarvan IV,Jynx,Sona, true
Xin Zhao,Zed,Lee Sin,Corki,Thresh, false
Singed,Ryze,Master Yi,Tristana,Karthus, false
Rumble,Zed,Elise,Ezreal,Morgana, true
Riven,Fizz,Hecarim,Miss Fortune,Malphite, true
Fiora,Lux,Gnar,Kog'Maw,Thresh, false
Gnar,Annie,Maokai,Graves,Sona, true
Lee Sin,Twisted Fate,Warwick,Xerath,Ashe, false
Nasus,Syndra,Warwick,Varus,LeBlanc, false
Fiora,Veigar,Master Yi,Caitlyn,Nautilus, true
Swain,Morgana,Vi,Jynx,Sona, true
Darius,Fizz,Udyr,Caitlyn,Thresh, false
Lissandra,Yasuo,Wukong,Graves,Thresh, false
Tryndamere,Annie,Wukong,Varus,Sona, true
Jayce,Annie,Rek'Sai,Vayne,Blitzcrank, false
Riven,Katarina,Master Yi,Tristana,Lux, true
Vladimir,Akali,Renga,Ashe,Janna, false
Rek'Sai,Malzahar,Master Yi,Miss Fortune,Blitzcrank, true
Rek'Sai,Cassiopeia,Jarvan IV,Karma,Jynx, true
Renekton,Zed,Nidalee,Varus,Sona, false
Tryndamere,Veigar,Rek'Sai,Volibear,Ezreal, true
Riven,Katarina,Vi,Lucian,Alistar, false
Poppy,Sivir,Sejuani,Annie,Sona, true
Fiora,Ahri,Jarvan IV,Sivir,Janna, true
Darius,Syndra,Karthus,Caitlyn,Leona, false
Shyvana,LeBlanc,Kha'Zix,Graves,Zyra, true
Lissandra,Talon,Fiora,Tristana,Morgana, false
Kennen,Orianna,Udyr,Vayne,Zyra, true
Gnar,Zed,Lee Sin,Graves,Thresh, false
Fiora,Viktor,Warwick,Miss Fortune,Leona, false
Pantheon,Annie,Xin Zhao,Graves,Blitzcrank, true
Wukong,Cassiopeia,Udyr,Graves,Braum, false
Yorick,Jayce,Evelynn,Twitch,Shen, true
Jarvan IV,Ezreal,Lee Sin,Miss Fortune,Thresh, false
Hecarim,Annie,Vi,Jynx,Soraka, false
Riven,Katarina,Jarvan IV,Lucian,Braum, true
Riven,LeBlanc,Master Yi,Graves,Taric, true
Malzahar,Akali,Jax,Vayne,Leona, false
Kassadin,Zed,Sejuani,Jynx,Morgana, false
Irelia,Malzahar,Rek'Sai,Tristana,Leona, true
Alistar,Talon,Lee Sin,Caitlyn,Morgana, true
Fiora,Ahri,Shaco,Vayne,Braum, false
Azir,Diana,Nautilus,Graves,Vel'Koz, false
Shen,Ryze,Master Yi,Graves,Alistar, true
Sion,Lux,Lee Sin,Graves,Orianna, false
Gangplank,Syndra,Vi,Teemo,Twitch, true
Jayce,Annie,Sejuani,Graves,Karma, true
Rek'Sai,Akali,Vi,Draven,Annie, true
Aatrox,Fizz,Lee Sin,Kalista,Thresh, false
Gangplank,Morgana,Nocturne,Ashe,Janna, true
Malphite,Morgana,Pantheon,Ezreal,Thresh, true
Gangplank,Annie,Rammus,Corki,Thresh, false
Cho'Gath,Yasuo,Renga,Tristana,Taric, true
Garen,Cassiopeia,Udyr,Graves,Janna, false
Olaf,Nidalee,Trundle,Lucian,Nami, true
Azir,Zed,Hecarim,Caitlyn,Soraka, false
Irelia,Ahri,Kha'Zix,Graves,Sona, true
Sion,Azir,Renga,Graves,Morgana, false
Pantheon,Talon,Master Yi,Ezreal,Lux, true
Darius,Ahri,Kalista,Draven,Soraka, false
Lee Sin,Katarina,Vi,Tristana,Janna, true
Jayce,Swain,Warwick,Vayne,Blitzcrank, true
Pantheon,Ziggs,Master Yi,Tristana,Alistar, false
Gnar,Brand,Sion,Jynx,Lux, true
Ryze,Kassadin,Elise,Miss Fortune,Malphite, false
Trundle,Zed,Pantheon,Graves,Ahri, true
Cho'Gath,Anivia,Nunu,Corki,Lulu, false
Yorick,LeBlanc,Malphite,Caitlyn,Morgana, true
Gnar,Cassiopeia,Master Yi,Draven,Soraka, false
Orianna,Azir,Udyr,Graves,Teemo, true
Xin Zhao,Fiddlesticks,Kayle,Kog'Maw,Blitzcrank, true
Wukong,Fizz,Shaco,Twitch,Annie, false
Vel'Koz,Ahri,Lee Sin,Kalista,Thresh, false
Fiora,Veigar,Rek'Sai,Ezreal,Braum, true
Tryndamere,Akali,Jarvan IV,Tristana,Dr. Mundo, false
Riven,Viktor,Warwick,Sivir,Leona, true
Gangplank,Swain,Lee Sin,Jynx,Janna, true
Riven,Orianna,Amumu,Graves,Nami, false
Wukong,Ziggs,Udyr,Graves,Sona, false
Gnar,Malzahar,Elise,Caitlyn,Blitzcrank, true
Jayce,Katarina,Vi,Caitlyn,Sona, true
Karma,Fiora,Cho'Gath,Tristana,Malphite, false
Jarvan IV,Kayle,Master Yi,Caitlyn,Blitzcrank, false
Riven,Syndra,Lee Sin,Kalista,Thresh, true
Kayle,LeBlanc,Udyr,Twitch,Morgana, false
Garen,Vladimir,Xin Zhao,Lucian,Braum, true
Nasus,Syndra,Jax,Kog'Maw,Thresh, false
Gnar,Talon,Pantheon,Lucian,Morgana, false
Irelia,Orianna,Jax,Jynx,Leona, false
Malphite,Cassiopeia,Kha'Zix,Graves,Morgana, true
Dr. Mundo,Vel'Koz,Twitch,Ezreal,Morgana, false
Shyvana,Karthus,Master Yi,Vayne,Blitzcrank, true
Irelia,Yasuo,Warwick,Jynx,Morgana, false
Garen,Orianna,Volibear,Ezreal,Vel'Koz, true
Wukong,Lux,Nautilus,Corki,Morgana, true
Singed,Katarina,Nunu,Jynx,Annie, false
Aatrox,Orianna,Shaco,Quinn,Fiddlesticks, true
Trundle,Kennen,Renga,Corki,Morgana, false
Renekton,Veigar,Sion,Annie,Twitch, true
Talon,Annie,Rek'Sai,Kalista,Janna, true
Lissandra,Katarina,Jarvan IV,Caitlyn,Lux, false
Vladimir,Annie,Warwick,Tristana,Taric, true
Aatrox,Nidalee,Shyvana,Caitlyn,Garen, true
Darius,Heimerdinger,Warwick,Tristana,Morgana, false
Ryze,Zed,Jarvan IV,Ezreal,Sona, true
Renekton,Lux,Shaco,Graves,Thresh, false
Riven,Mordekaiser,Master Yi,Lucian,Braum, true
Tryndamere,Cassiopeia,Diana,Vayne,Morgana, false
Gnar,Graves,Lee Sin,Vayne,Thresh, true
Rumble,Viktor,Pantheon,Caitlyn,Alistar, false
Pantheon,Nidalee,Lee Sin,Ashe,Taric, true
Riven,Fiora,Diana,Draven,Malphite, false
Galio,Hecarim,Rek'Sai,Tristana,Leona, true
Morgana,Orianna,Sion,Lucian,Blitzcrank, false
Tryndamere,Talon,Wukong,Sivir,Leona, true
Garen,Morgana,Master Yi,Lulu,Ezreal, false
Cho'Gath,Heimerdinger,Shaco,Tristana,Soraka, true
Dr. Mundo,Malzahar,Tryndamere,Graves,Leona, true
Garen,Heimerdinger,Lee Sin,Twitch,Braum, false
Warwick,Katarina,Vi,Varus,Leona, true
Volibear,Lux,Lee Sin,Ezreal,Morgana, false
Tryndamere,Teemo,Amumu,Ezreal,Thresh, true
Riven,Ryze,Jarvan IV,Caitlyn,Braum, false
Gnar,Heimerdinger,Teemo,Lucian,Blitzcrank, true
Poppy,Anivia,Udyr,Vayne,Yorick, false
Vladimir,Heimerdinger,Jax,Sivir,Leona, true
Nasus,Ryze,Master Yi,Caitlyn,Braum, false
Vladimir,Orianna,Xin Zhao,Sivir,Thresh, false
Fiora,Viktor,Nunu,Ezreal,Leona, true
Swain,Cassiopeia,Master Yi,Lucian,Alistar, false
Nasus,Yasuo,Jarvan IV,Tristana,Leona, true
Pantheon,LeBlanc,Lee Sin,Jynx,Heimerdinger, true
Jayce,Swain,Lee Sin,Ashe,Pantheon, false
Yasuo,Azir,Rek'Sai,Graves,Soraka, true
Wukong,Nidalee,Renga,Jynx,Pantheon, false
Vladimir,Lux,Kha'Zix,Caitlyn,Thresh, true
Garen,Swain,Malphite,Miss Fortune,Amumu, false
Jax,Mordekaiser,Master Yi,Tristana,Thresh, true
Vladimir,Syndra,Master Yi,Quinn,Leona, true
Lulu,Nautilus,Jarvan IV,Sona,Jynx, false
Teemo,Fiddlesticks,Master Yi,Ashe,Zilean, true
Jax,Annie,Vi,Sivir,Blitzcrank, false
Singed,LeBlanc,Kha'Zix,Graves,Blitzcrank, false
Jayce,Zed,Jarvan IV,Draven,Thresh, true
Nasus,LeBlanc,Lee Sin,Jynx,Sona, true
Pantheon,Lissandra,Udyr,Varus,Braum, false
Rek'Sai,Zed,Lee Sin,Jayce,Leona, true
Tryndamere,Nidalee,Udyr,Ashe,Blitzcrank, false
Renekton,Cassiopeia,Kha'Zix,Lucian,Galio, true
Lissandra,Ziggs,Lee Sin,Draven,Thresh, false
Kayle,Wukong,Fiddlesticks,Twitch,Alistar, true
Riven,Cassiopeia,Hecarim,Caitlyn,Annie, true
Jayce,Lux,Volibear,Tristana,Thresh, false
Garen,Brand,Sejuani,Caitlyn,Leona, true
Fiora,Syndra,Elise,Ashe,Brand, true
Pantheon,Ziggs,Kha'Zix,Vayne,Leona, false
Cho'Gath,Karthus,Vi,Jynx,Nami, false
Pantheon,Zed,Skarner,Vayne,Thresh, true
Pantheon,Ahri,Jarvan IV,Twitch,Nami, true
Nidalee,Fizz,Lee Sin,Soraka,Lucian, false
Jax,Orianna,Jarvan IV,Vayne,Thresh, true
Aatrox,Zed,Kha'Zix,Caitlyn,Zyra, false
Kennen,Anivia,Pantheon,Vayne,Janna, true
Vladimir,Zed,Vi,Twitch,Morgana, false
Quinn,Azir,Evelynn,Miss Fortune,Leona, true
Teemo,Mordekaiser,Xin Zhao,Vayne,Kayle, false
Wukong,Azir,Shaco,Tristana,Janna, true
Rek'Sai,Heimerdinger,Xin Zhao,Jynx,Leona, false
Riven,Katarina,Lee Sin,Jynx,Janna, true
Alistar,Annie,Jarvan IV,Graves,Thresh, false
Elise,Zed,Xin Zhao,Caitlyn,Annie, true
Garen,Lissandra,Fiddlesticks,Ezreal,Lulu, false
Nasus,Vel'Koz,Rek'Sai,Jynx,Blitzcrank, true
Garen,Talon,Vi,Nunu,Vayne, false
Teemo,Lux,Master Yi,Lucian,Leona, true
Darius,Annie,Tryndamere,Tristana,Blitzcrank, false
Rumble,Ryze,Udyr,Ashe,Annie, true
Nasus,LeBlanc,Master Yi,Zilean,Tristana, false
Riven,LeBlanc,Udyr,Tristana,Brand, false
Kayle,Yasuo,Vi,Graves,Zyra, true
Tryndamere,Lissandra,Vi,Jynx,Alistar, false
Ryze,Cassiopeia,Vi,Kalista,Sona, true
Tryndamere,Orianna,Nidalee,Caitlyn,Thresh, false
Jayce,Syndra,Jarvan IV,Graves,Blitzcrank, true
Jarvan IV,Heimerdinger,Vi,Jynx,Ryze, false
Jax,Yasuo,Warwick,Vayne,Lulu, true
Irelia,Zed,Shaco,Caitlyn,Blitzcrank, false
Nasus,Syndra,Amumu,Ezreal,Morgana, true
Irelia,Azir,Fiora,Vayne,Thresh, false
Fiora,Morgana,Fiddlesticks,Draven,Annie, true
Singed,Tristana,Nautilus,Ezreal,Leona, false
Nasus,Nidalee,Trundle,Ashe,Blitzcrank, true
Riven,Vel'Koz,Elise,Miss Fortune,Thresh, true
Lux,Ryze,Jarvan IV,Vayne,Janna, false
Malzahar,Zed,Sejuani,Twitch,Sona, true
Nasus,Akali,Zac,Annie,Vayne, true
Riven,Cassiopeia,Tryndamere,Corki,Leona, false
LeBlanc,Brand,Pantheon,Lucian,Janna, true
Shyvana,Malzahar,Lee Sin,Alistar,Graves, false
Darius,Swain,Master Yi,Ezreal,Soraka, true
Alistar,Akali,Elise,Kalista,Thresh, false
Darius,Lux,Vi,Ezreal,Nami, true
Singed,Katarina,Olaf,Graves,Thresh, false
Gnar,Katarina,Poppy,Tristana,Morgana, true
Garen,Ahri,Vi,Jynx,Nunu, false
Lissandra,Yasuo,Lee Sin,Ezreal,Sona, true
Yorick,Jayce,Wukong,Miss Fortune,Nami, false
Riven,Brand,Xin Zhao,Quinn,Orianna, true
Rek'Sai,Kayle,Vi,Draven,Lux, false
Gangplank,Malzahar,Shaco,Graves,Blitzcrank, false
Jayce,Ahri,Warwick,Jynx,Karma, true
Renekton,Shaco,LeBlanc,Corki,Leona, false
Jax,Lissandra,Jarvan IV,Ashe,Nami, false
Darius,Fiddlesticks,Amumu,Graves,Taric, false
Tryndamere,Katarina,Vi,Draven,Braum, true
Cassiopeia,Lux,Shaco,Lucian,Braum, true
Riven,LeBlanc,Rammus,Graves,Alistar, true
Jax,Azir,Lee Sin,Graves,Janna, true
Morgana,Swain,Udyr,Kog'Maw,Janna, true
Lissandra,Orianna,Rek'Sai,Jynx,Morgana, false
Pantheon,Teemo,Jarvan IV,Miss Fortune,Leona, true
Darius,Jayce,Amumu,Graves,Blitzcrank, true
Irelia,Galio,Udyr,Caitlyn,Thresh, false
Kennen,Orianna,Hecarim,Vayne,Thresh, false
Jayce,Syndra,Amumu,Ezreal,Janna, false
Fiora,Morgana,Pantheon,Corki,Braum, false
Nidalee,Vladimir,Poppy,Jynx,Veigar, true
Ryze,Gragas,Jax,Corki,Leona, false
Lissandra,Orianna,Rek'Sai,Jynx,Morgana, false
Pantheon,Teemo,Jarvan IV,Miss Fortune,Leona, true
Darius,Jayce,Amumu,Graves,Blitzcrank, true
Irelia,Galio,Udyr,Caitlyn,Thresh, false
Kassadin,Anivia,Kha'Zix,Tristana,Sona, true
Quinn,Syndra,Evelynn,Sivir,Janna, false
Teemo,Fizz,Vi,Tristana,Leona, true
Gangplank,Xerath,Rammus,Miss Fortune,Sona, true
Olaf,Orianna,Rammus,Ashe,Nunu, true
Jarvan IV,Ahri,Pantheon,Jynx,Braum, true
Riven,Yasuo,Renga,Ashe,Nami, true
Rumble,Zed,Vi,Graves,Thresh, true
Malzahar,Veigar,Volibear,Graves,Master Yi, false
Renekton,Azir,Maokai,Vayne,Leona, false
Lissandra,Nidalee,Jarvan IV,Graves,Thresh, true
Nasus,Twisted Fate,Shaco,Graves,Blitzcrank, true
Rek'Sai,Fizz,Jax,Varus,Lux, true
Riven,Zed,Vi,Vayne,Leona, true
Jarvan IV,LeBlanc,Nocturne,Kalista,Alistar, false
Riven,Annie,Twisted Fate,Jynx,Morgana, true
Alistar,Zed,Vi,Ezreal,Sona, false
Riven,Malzahar,Amumu,Caitlyn,Braum, true
Darius,Teemo,Wukong,Graves,Thresh, false
Riven,Swain,Sion,Caitlyn,Nami, false
Lissandra,Diana,Jax,Ashe,Blitzcrank, false
Azir,Zed,Amumu,Vayne,Braum, false
Nasus,Fizz,Renga,Jynx,Blitzcrank, true
Garen,Katarina,Lee Sin,Lucian,Morgana, false
Jayce,Syndra,Warwick,Draven,Leona, false
Rumble,Swain,Vi,Kalista,Thresh, true
Darius,Kayle,Xin Zhao,Caitlyn,Leona, true
Olaf,Twisted Fate,Fiddlesticks,Taric,Ezreal, false
Warwick,Heimerdinger,Nocturne,Jynx,Thresh, true
