TOP,MID,JUNGLE,ADC, SUPPORT
Lissandra,Orianna,Vi,Varus,Morgana
Nasus,Vel'Koz,Lee Sin,Ezreal,Leona
Vladimir,Irelia,Shaco,Sivir,Sona
Shen,Zed,Malphite,Tristana,LeBlanc
Akali,Sona,Wukong,Caitlyn,Janna
Jayce,Orianna,Malphite,Ezreal,Taric
Jarvan IV,Annie,Lee Sin,Graves,Leona
Irelia,Xerath,Pantheon,Quinn,Leona
Gangplank,Fizz,Gragas,Jynx,Morgana
Nasus,Anivia,Shaco,Jarvan IV,Miss Fortune
Ryze,Cho'Gath,Rek'Sai,Draven,Volibear
Malphite,Ezreal,Sejuani,Vayne,Thresh
Akali,Heimerdinger,Pantheon,Caitlyn,Leona
Riven,Zyra,Rammus,Tristana,Thresh
Yasuo,Nidalee,Vi,Ashe,Janna
Malphite,Katarina,Wukong,Graves,Thresh
Riven,Lux,Rek'Sai,Ezreal,Nami
Garen,Xerath,Malphite,Lucian,Leona
Aatrox,Ahri,Amumu,Caitlyn,Leona
Shen,Yasuo,Renga,Kog'Maw,Volibear
Pantheon,Syndra,Warwick,Miss Fortune,Leona
Annie,Lux,Jarvan IV,Ezreal,Blitzcrank
Cho'Gath,Zed,Vi,Jynx,Thresh
Vladimir,Lux,Udyr,Lucian,Thresh
Dr. Mundo,Syndra,Wukong,Ashe,Blitzcrank
Yasuo,Lissandra,Shaco,Cho'Gath,Varus
Malphite,Ezreal,Riven,Sona,Corki
Nasus,Fizz,Sion,Draven,Thresh
Darius,Shaco,Gangplank,Lucian,Taric
Maokai,Zed,Sejuani,Lucian,Thresh
Warwick,Fizz,Udyr,Ezreal,Leona
Swain,Akali,Vi,Corki,Thresh
Cho'Gath,Zed,Master Yi,Miss Fortune,Blitzcrank
Nidalee,Lissandra,Jarvan IV,Lucian,Thresh
Wukong,Cho'Gath,Lee Sin,Corki,Leona
Fiora,LeBlanc,Dr. Mundo,Ezreal,Nami
Cassiopeia,Ziggs,Vi,Varus,Teemo
Renga,Kassadin,Cho'Gath,Jynx,Blitzcrank
Kassadin,Lux,Rek'Sai,Ezreal,Janna
Fiora,Katarina,Warwick,Kalista,Janna
Graves,LeBlanc,Nasus,Jynx,Leona
Fiora,Yasuo,Vi,Vayne,Thresh
Gangplank,Ezreal,Vi,Twitch,Blitzcrank
Irelia,Ahri,Renga,Jynx,Janna
Jayce,Ahri,Vi,Jynx,Sona
Pantheon,Malzahar,Diana,Twitch,Janna
Annie,LeBlanc,Warwick,Jynx,Nami
Aatrox,Swain,Nocturne,Tristana,Taric
Tryndamere,Lux,Fiddlesticks,Lucian,Morgana
Zed,Heimerdinger,Warwick,Caitlyn,Blitzcrank
Nasus,Anivia,Udyr,Ezreal,Zyra
Jax,Orianna,Master Yi,Tristana,Thresh
Tryndamere,Orianna,Xin Zhao,Vayne,Leona
Tryndamere,Ziggs,Rek'Sai,Quinn,Nami
Renekton,Yasuo,Fiddlesticks,Graves,Annie
Tryndamere,Wukong,Pantheon,Vayne,Thresh
Cho'Gath,Morgana,Jarvan IV,Ezreal,Soraka
Nasus,Syndra,Trundle,Graves,Vel'Koz
Corki,LeBlanc,Evelynn,Sivir,Nami
Yasuo,Anivia,Lee Sin,Ashe,Lissandra
Volibear,LeBlanc,Nocturne,Graves,Leona
Irelia,Teemo,Pantheon,Caitlyn,Thresh
Gangplank,Katarina,Maokai,Kalista,Janna
Shyvana,Cassiopeia,Rek'Sai,Lucian,Sona
Irelia,LeBlanc,Lee Sin,Jynx,Braum
Riven,Annie,Hecarim,Ezreal,Fiddlesticks
Pantheon,Heimerdinger,Warwick,Lucian,Sona
Fiora,Ziggs,Nocturne,Draven,Soraka
Darius,Jayce,Nautilus,Vayne,Sona
Annie,Nidalee,Xin Zhao,Graves,Thresh
Garen,Ryze,Amumu,Ezreal,Nami
Swain,Xerath,Hecarim,Lucian,Karma
Vladimir,Ezreal,Lee Sin,Vayne,Blitzcrank
Jayce,Xerath,Jax,Ezreal,Leona
Rumble,Veigar,Volibear,Caitlyn,Blitzcrank
Cassiopeia,Fizz,Vi,Caitlyn,Blitzcrank
Riven,Fiddlesticks,Jarvan IV,Graves,Thresh
Teemo,Xin Zhao,Warwick,Ashe,Jarvan IV
Renekton,LeBlanc,Rammus,Vayne,Nami
Gangplank,Katarina,Xin Zhao,Lucian,Alistar
Shen,Katarina,Shaco,Miss Fortune,Alistar
Tryndamere,Ziggs,Jarvan IV,Miss Fortune,Braum
Wukong,Morgana,Vi,Caitlyn,Thresh
Jarvan IV,Cassiopeia,Trundle,Caitlyn,Vel'Koz
Darius,Katarina,Irelia,Tristana,Nunu
Maokai,Kassadin,Shyvana,Ashe,Janna
Irelia,Annie,Nasus,Jynx,Sona
Xin Zhao,Akali,Rek'Sai,Ezreal,Nautilus
Garen,Lissandra,Warwick,Ashe,Lux
Dr. Mundo,Xerath,Wukong,Lucian,Thresh
Riven,Kennen,Nunu,Ashe,Heimerdinger
Riven,Yasuo,Nautilus,Lucian,Thresh
Darius,Annie,Sejuani,Graves,Janna
Sion,Diana,Olaf,Draven,Blitzcrank
Sion,Zed,Jarvan IV,Ezreal,Morgana
Lissandra,Yasuo,Fiddlesticks,Jynx,Lux
Nasus,Cho'Gath,Volibear,Leona,Miss Fortune
Fiora,Twisted Fate,Udyr,Jynx,Morgana
Wukong,Lux,Rammus,Tristana,Volibear
Nasus,Swain,Nocturne,Varus,Morgana
Riven,Syndra,Nautilus,Draven,Soraka
Renekton,Ahri,Lee Sin,Twitch,Janna
Nasus,Nidalee,Kha'Zix,Sivir,Braum
Tryndamere,Lux,Renga,Caitlyn,Janna
Quinn,Twisted Fate,Master Yi,Graves,Fiddlesticks
Fiora,Twisted Fate,Rek'Sai,Ezreal,Nami
Singed,Zed,Udyr,Draven,Blitzcrank
Trundle,Yasuo,Cho'Gath,Graves,Thresh
Gnar,Lissandra,Udyr,Tristana,Thresh
Irelia,Lux,Rammus,Draven,Morgana
Shen,Akali,Xin Zhao,Graves,Braum
Lissandra,Vel'Koz,Aatrox,Lucian,Annie
Vladimir,Zed,Amumu,Kalista,Morgana
Diana,Zed,Hecarim,Graves,Sona
Nocturne,Lux,Lee Sin,Vayne,Blitzcrank
Tryndamere,Syndra,Shaco,Ashe,Morgana
Gnar,Karma,Sejuani,Ezreal,Janna
Nidalee,Kennen,Warwick,Twitch,Janna
Wukong,Katarina,Udyr,Caitlyn,Shen
Sion,Katarina,Lee Sin,Caitlyn,Soraka
Renekton,Diana,Jarvan IV,Caitlyn,Annie
Kayle,Lux,Xin Zhao,Quinn,Volibear
Irelia,Zed,Vi,Caitlyn,Leona
Nocturne,Morgana,Shyvana,Lucian,Nami
Darius,Azir,Xin Zhao,Tristana,Thresh
Gangplank,Lissandra,Xin Zhao,Caitlyn,Leona
Kassadin,Vel'Koz,Warwick,Nami,Vayne
Riven,Swain,Vi,Graves,Malphite
Gnar,Sejuani,Master Yi,Tryndamere,Caitlyn
Vladimir,Katarina,Amumu,Graves,Blitzcrank
Riven,Zed,Lee Sin,Lucian,Nami
Tryndamere,Orianna,Shaco,Jynx,Leona
Vladimir,Katarina,Shaco,Tristana,Morgana
Dr. Mundo,Veigar,Sejuani,Twitch,Sona
Jax,Ziggs,Master Yi,Graves,Blitzcrank
Irelia,Malzahar,Evelynn,Jynx,Taric
Irelia,Katarina,Jarvan IV,Miss Fortune,Braum
Darius,Lux,Xin Zhao,Jynx,Sona
Jarvan IV,Morgana,Shaco,Ezreal,Soraka
Fiora,Swain,Xin Zhao,Vayne,Leona
Shyvana,Ziggs,Renga,Kalista,Morgana
Vladimir,Malzahar,Master Yi,Vayne,Sona
Renga,Morgana,Master Yi,Heimerdinger,Ashe
Teemo,Xerath,Vi,Sivir,Lux
Gnar,Kayle,Master Yi,Jynx,Thresh
Singed,Malzahar,Shyvana,Miss Fortune,Taric
Jax,Twisted Fate,Pantheon,Morgana,Draven
Shen,Katarina,Jarvan IV,Ezreal,Nami
Jayce,Morgana,Shaco,Corki,Blitzcrank
Mordekaiser,Viktor,Pantheon,Graves,Sona
Malphite,Talon,Jarvan IV,Caitlyn,Thresh
Lissandra,Kassadin,Master Yi,Ezreal,Taric
Malphite,Kennen,Rek'Sai,Caitlyn,Leona
Ryze,Katarina,Xin Zhao,Tristana,Leona
Nidalee,Karthus,Amumu,Ashe,Morgana
Wukong,Morgana,Warwick,Draven,Soraka
Teemo,Anivia,Malphite,Kalista,Braum
Lee Sin,Yasuo,Fiddlesticks,Tristana,Nami
Nidalee,Cassiopeia,Nunu,Caitlyn,Morgana
Kassadin,Ahri,Shaco,Ezreal,Blitzcrank
Rumble,Zed,Jarvan IV,Graves,Sona
Olaf,Zed,Rammus,Jynx,Braum
Pantheon,LeBlanc,Jarvan IV,Caitlyn,Leona
Rumble,Annie,Rek'Sai,Sivir,Leona
Kayle,Morgana,Master Yi,Varus,Leona
Wukong,Kassadin,Shaco,Draven,Sona
Akali,Ahri,Kha'Zix,Graves,Blitzcrank
Diana,Zed,Udyr,Ezreal,Sona
Pantheon,LeBlanc,Fiddlesticks,Corki,Leona
Quinn,Lissandra,Rammus,Jynx,Thresh
Nasus,Katarina,Rek'Sai,Ashe,Morgana
Cho'Gath,Yasuo,Udyr,Quinn,Blitzcrank
Malphite,Annie,Gragas,Vayne,Thresh
Akali,Jarvan IV,Warwick,Ashe,Vel'Koz
Karma,Syndra,Nocturne,Morgana,Ezreal
Darius,Akali,Renga,Lucian,Taric
Mordekaiser,Talon,Warwick,Vayne,Leona
Renekton,Karthus,Lee Sin,Caitlyn,Janna
Lissandra,Yasuo,Jarvan IV,Jynx,Blitzcrank
Fiora,Azir,Xin Zhao,Jynx,Thresh
Jarvan IV,Xerath,Warwick,Graves,Leona
Garen,LeBlanc,Shaco,Caitlyn,Malphite
Gangplank,Annie,Jarvan IV,Jynx,Leona
Riven,Ezreal,Master Yi,Draven,Zyra
Olaf,Gangplank,Sejuani,Ezreal,Vel'Koz
Teemo,Katarina,Renga,Tristana,Karma
Vladimir,Ziggs,Vi,Ashe,Morgana
Dr. Mundo,LeBlanc,Wukong,Caitlyn,Nami
Renga,Ahri,Xin Zhao,Graves,Karma
Riven,Katarina,Master Yi,Ezreal,Thresh
Nasus,Syndra,Wukong,Graves,Janna
Tryndamere,Yasuo,Amumu,Tristana,Anivia
Ryze,Nidalee,Skarner,Draven,Thresh
Jarvan IV,Ryze,Nautilus,Kalista,Thresh
Irelia,Karthus,Shyvana,Draven,Braum
Master Yi,Veigar,Vi,Ashe,Sona
Kayle,Yasuo,Tryndamere,Sivir,Morgana
Kassadin,Veigar,Shyvana,Kalista,Karma
Lissandra,Katarina,Zac,Graves,Leona
Jarvan IV,Orianna,Zac,Vayne,Sona
Master Yi,Brand,Nunu,Jynx,Leona
Sion,Ahri,Renga,Graves,Lulu
Rumble,Yasuo,Sion,Graves,Thresh
Riven,Katarina,Volibear,Corki,Lulu
Shyvana,Katarina,Diana,Sivir,Thresh
Dr. Mundo,Kassadin,Vi,Caitlyn,Blitzcrank
Riven,Katarina,Warwick,Lucian,Nunu
Pantheon,Ahri,Warwick,Vayne,Janna
Nasus,Twisted Fate,Amumu,Lucian,Blitzcrank
Jayce,Lux,Master Yi,Caitlyn,Leona
Poppy,Ahri,Fiora,Kalista,Leona
Yasuo,Zyra,Master Yi,Ashe,Leona
Vladimir,Talon,Kha'Zix,Jynx,Sona
Trundle,Karma,Sejuani,Draven,Janna
Tryndamere,Anivia,Renekton,Vayne,Lux
Rek'Sai,Annie,Rammus,Kalista,Morgana
Pantheon,Annie,Amumu,Volibear,Vayne
Ryze,Orianna,Vi,Caitlyn,Taric
Riven,Zed,Lee Sin,Ezreal,Cho'Gath
Fiora,Annie,Shen,Vayne,Blitzcrank
Jax,Morgana,Xin Zhao,Ashe,Heimerdinger
Darius,Heimerdinger,Fiddlesticks,Tristana,Sona
Riven,Katarina,Amumu,Tristana,Blitzcrank
Swain,Anivia,Master Yi,Ezreal,Thresh
Blitzcrank,Ziggs,Volibear,Kalista,Leona
Cho'Gath,Malzahar,Rammus,Twitch,Morgana
Rumble,Diana,Udyr,Corki,Sona
Nidalee,Katarina,Rek'Sai,Ashe,Leona
Riven,Malzahar,Lee Sin,Caitlyn,Leona
Malphite,Ahri,Twitch,Jynx,Morgana
Jax,Vladimir,Rammus,Lucian,Sona
Teemo,Lux,Warwick,Caitlyn,Morgana
Sejuani,Kassadin,Master Yi,Caitlyn,Janna
Soraka,Kayle,Shaco,Lucian,Quinn
Irelia,Katarina,Veigar,Miss Fortune,Morgana
Pantheon,Lee Sin,Kha'Zix,Tristana,Sejuani
Dr. Mundo,Xerath,Xin Zhao,Lucian,Ashe
Teemo,Ahri,Shaco,Tristana,Thresh
Jax,Malzahar,Jarvan IV,Jynx,Sona
Pantheon,Yasuo,Fiddlesticks,Lux,Sivir
Syndra,Fizz,Lee Sin,Jynx,Thresh
Shen,Katarina,Warwick,Graves,Taric
Malphite,Xerath,Warwick,Sivir,Nami
Fiora,Lux,Vi,Jynx,Thresh
Darius,Akali,Kha'Zix,Draven,Leona
Warwick,Ahri,Lee Sin,Tristana,Braum
Nidalee,Akali,Jax,Caitlyn,Blitzcrank
Aatrox,Fizz,Warwick,Tristana,Morgana
Jax,Zed,Warwick,Graves,Thresh
Shen,Ahri,Vi,Jynx,Annie
Sion,Azir,Master Yi,Vayne,Blitzcrank
Gangplank,LeBlanc,Pantheon,Ezreal,Sona
Ezreal,Ahri,Pantheon,Thresh,Ashe
Wukong,Brand,Shaco,Ashe,Sivir
Fiora,Heimerdinger,Lee Sin,Graves,Leona
Jayce,Nidalee,Wukong,Graves,Blitzcrank
Riven,Kayle,Udyr,Morgana,Sivir
Sion,Talon,Jarvan IV,Sona,Ashe
Nidalee,Yasuo,Wukong,Vayne,Leona
Syndra,Cho'Gath,Xin Zhao,Draven,Blitzcrank
Kha'Zix,Ziggs,Fiddlesticks,Draven,Thresh
Zac,Brand,Hecarim,Jynx,Leona
Wukong,Xerath,Pantheon,Caitlyn,Janna
Fiora,LeBlanc,Udyr,Graves,Blitzcrank
Kayle,Annie,Renga,Caitlyn,Thresh
Gnar,Zed,Vi,Vayne,Zilean
Nasus,Ryze,Kha'Zix,Kalista,Janna
Teemo,Annie,Sejuani,Jynx,Thresh
Jarvan IV,Kassadin,Rek'Sai,Caitlyn,Sona
Riven,Ziggs,Fiddlesticks,Vayne,Vel'Koz
Garen,Azir,Fiddlesticks,Vayne,Leona
Fizz,Yasuo,Sejuani,Graves,Janna
Fiora,Zed,Diana,Jynx,Sona
Rumble,LeBlanc,Lee Sin,Kalista,Annie
Cho'Gath,Morgana,Warwick,Caitlyn,Leona
Kayle,Fiddlesticks,Rek'Sai,Vayne,Braum
Gnar,Gangplank,Diana,Kog'Maw,Janna
Azir,Mordekaiser,Rek'Sai,Draven,Thresh
Singed,Brand,Udyr,Varus,Sona
Wukong,Xerath,Jarvan IV,Sivir,Blitzcrank
Lissandra,Yasuo,Shaco,Lucian,Katarina
Tryndamere,Malzahar,Sejuani,Vayne,Ezreal
Cho'Gath,Malzahar,Xin Zhao,Caitlyn,Taric
Teemo,LeBlanc,Jarvan IV,Tristana,Sona
Garen,Cassiopeia,Cho'Gath,Twitch,Nunu
Gangplank,Zed,Lee Sin,Ezreal,Sona
Teemo,Annie,Jarvan IV,Varus,Leona
Gnar,Riven,Shaco,Vayne,Lux
Pantheon,Vel'Koz,Evelynn,Ezreal,Blitzcrank
Irelia,Tristana,Rek'Sai,Kalista,Soraka
Garen,Morgana,Sejuani,Lucian,Zilean
Jayce,Ziggs,Shaco,Ezreal,Thresh
Gangplank,LeBlanc,Vi,Tristana,Morgana
Fizz,Swain,Nocturne,Ashe,Thresh
Nidalee,Riven,Pantheon,Vayne,Nami
Fiora,Malzahar,Nunu,Caitlyn,Thresh
Evelynn,Zed,Vi,Corki,Vel'Koz
Malphite,Veigar,Udyr,Jynx,Thresh
Pantheon,Lux,Amumu,Caitlyn,Thresh
Nidalee,Yasuo,Kha'Zix,Graves,Blitzcrank
Irelia,Azir,Master Yi,Draven,Garen
Gnar,Yasuo,Shaco,Miss Fortune,Leona
Tryndamere,Katarina,Warwick,Caitlyn,Annie
Nidalee,Katarina,Jax,Vayne,Morgana
Riven,Orianna,Lee Sin,Ezreal,Blitzcrank
Alistar,Katarina,Tryndamere,Varus,Janna
Teemo,Fizz,Shen,Caitlyn,Sona
Rumble,Zed,Vi,Draven,Sona
Olaf,Malphite,Jarvan IV,Ashe,Janna
Sion,Yasuo,Teemo,Draven,Annie
Syndra,Twisted Fate,Shyvana,Caitlyn,Leona
Akali,Syndra,Jarvan IV,Tristana,Janna
Teemo,Veigar,Udyr,Graves,Vel'Koz
Riven,Syndra,Olaf,Ezreal,Blitzcrank
Gnar,Zed,Warwick,Ezreal,Thresh
Wukong,Veigar,Lee Sin,Kayle,Draven
Vladimir,Katarina,Sejuani,Caitlyn,Lulu
Irelia,Veigar,Vi,Kalista,Soraka
Renekton,Ahri,Rek'Sai,Vayne,Lulu
Jarvan IV,Zed,Master Yi,Miss Fortune,Lux
Darius,Brand,Rek'Sai,Draven,Morgana
Fiora,Vel'Koz,Poppy,Miss Fortune,Pantheon
Teemo,Zed,Wukong,Kog'Maw,Soraka
Irelia,Azir,Lee Sin,Lucian,Thresh
Azir,Lux,Vi,Graves,Lulu
Renekton,Riven,Amumu,Caitlyn,Nami
Jarvan IV,Jayce,Lee Sin,Graves,Morgana
Fiora,Fizz,Vi,Kalista,Morgana
Nasus,Annie,Lee Sin,Ashe,Thresh
Irelia,LeBlanc,Fiddlesticks,Yasuo,Sona
Sion,Ezreal,Gragas,Vayne,Sona
Renekton,Fizz,Shaco,Jynx,Soraka
Pantheon,Ahri,Sejuani,Jynx,Braum
Vladimir,Nidalee,Fiddlesticks,Ezreal,Morgana
Jax,Lux,Vi,Caitlyn,Vel'Koz
Xin Zhao,Yasuo,Zac,Vayne,Thresh
Maokai,Zed,Jarvan IV,Lucian,Brand
Elise,Mordekaiser,Rek'Sai,Caitlyn,Blitzcrank
Jayce,Ezreal,Elise,Jynx,Nidalee
Rek'Sai,Katarina,Fiora,Lucian,Nami
Gnar,Katarina,Wukong,Caitlyn,Sona
Pantheon,Ahri,Master Yi,Graves,Lux
Skarner,Jayce,Shaco,Annie,Lucian
Malphite,Kassadin,Lee Sin,Caitlyn,Janna
Shaco,Malzahar,Fiddlesticks,Quinn,Blitzcrank
Tryndamere,Katarina,Warwick,Graves,Soraka
Galio,Fizz,Nunu,Vayne,Blitzcrank
Shen,Malzahar,Lee Sin,Graves,Janna
Vi,Malphite,Pantheon,Ashe,Alistar
Renga,Jarvan IV,Fiddlesticks,Kalista,Lux
Alistar,Yasuo,Amumu,Caitlyn,Taric
Dr. Mundo,Malzahar,Maokai,Jynx,Blitzcrank
Karthus,Fizz,Shaco,Jynx,Vel'Koz
Malphite,Katarina,Kha'Zix,Jynx,Nami
Garen,Karthus,Shyvana,Ezreal,Sona
Garen,Zed,Pantheon,Zyra,Jynx
Xin Zhao,Yasuo,Shaco,Twitch,Blitzcrank
Nunu,Syndra,Jarvan IV,Corki,Nami
Jarvan IV,Swain,Sejuani,Caitlyn,Janna
Nidalee,Syndra,Xin Zhao,Tristana,Soraka
Nasus,Katarina,Amumu,Jynx,Leona
Akali,Zed,Udyr,Nami,Ashe
Poppy,Annie,Kha'Zix,Tristana,Leona
Vladimir,Zed,Rammus,Caitlyn,Lulu
Hecarim,Annie,Lee Sin,Jynx,Sona
Yasuo,Fizz,Warwick,Twitch,Annie
Zed,Ryze,Udyr,Tristana,Leona
Gangplank,Orianna,Master Yi,Ashe,Lulu
Pantheon,Xerath,Xin Zhao,Varus,Leona
Nidalee,LeBlanc,Volibear,Ezreal,Blitzcrank
Nasus,Swain,Kayle,Caitlyn,Thresh
Sion,Zed,Warwick,Tristana,Leona
Kayle,Malzahar,Malphite,Jynx,Lulu
Tryndamere,Zed,Amumu,Caitlyn,Vel'Koz
Yorick,Kayle,Shaco,Miss Fortune,Thresh
Darius,Ahri,Hecarim,Jynx,Kayle
Yasuo,Katarina,Lee Sin,Graves,Blitzcrank
Lissandra,Karthus,Amumu,Graves,Janna
Rumble,Zed,Nidalee,Tristana,Janna
Jarvan IV,Syndra,Vi,Jynx,Sona
Vladimir,Cho'Gath,Nocturne,Caitlyn,Taric
Teemo,Fizz,Jarvan IV,Sivir,Soraka
Morgana,Fizz,Wukong,Lucian,Blitzcrank
Darius,Riven,Fiddlesticks,Jynx,Alistar
Irelia,Swain,Kha'Zix,Vayne,Leona
Teemo,Volibear,Udyr,Caitlyn,Janna
Garen,Morgana,Trundle,Sivir,Karma
Mordekaiser,Brand,Rek'Sai,Varus,Thresh
Fiora,Akali,Amumu,Caitlyn,Sona
Riven,Kassadin,Evelynn,Kalista,Thresh
Malphite,Zed,Lee Sin,Ashe,Blitzcrank
Nasus,Katarina,Amumu,Graves,Thresh
Jarvan IV,Katarina,Pantheon,Vayne,Anivia
Xin Zhao,Vel'Koz,Sion,Caitlyn,Janna
Lissandra,Katarina,Vi,Ashe,Blitzcrank
Lulu,Veigar,Lee Sin,Graves,Morgana
Vladimir,Ezreal,Aatrox,Jynx,Sion
Vayne,Ryze,Master Yi,Twitch,Leona
Volibear,LeBlanc,Jarvan IV,Graves,Teemo
Singed,Zed,Diana,Caitlyn,Nami
Volibear,Annie,Shaco,Vayne,Cassiopeia
Darius,Mordekaiser,Rek'Sai,Corki,Thresh
Riven,Kassadin,Amumu,Vayne,Lux
Dr. Mundo,Cho'Gath,Vi,Lucian,Soraka
Darius,Akali,Nocturne,Draven,Morgana
Gragas,Katarina,Lee Sin,Vayne,Thresh
Renekton,Ahri,Jarvan IV,Jynx,Leona
Swain,Malzahar,Skarner,Kog'Maw,Lulu
Jarvan IV,Fiddlesticks,Shaco,Vayne,Morgana
Quinn,Vel'Koz,Volibear,Caitlyn,Thresh
Riven,Morgana,Shaco,Tristana,Zilean
Heimerdinger,Irelia,Lee Sin,Kalista,Braum
Garen,Yasuo,Fiddlesticks,Caitlyn,Nami
Garen,Zed,Fiora,Vayne,Sona
Gnar,Lux,Rek'Sai,Caitlyn,Janna
Sion,Jayce,Sejuani,Caitlyn,Leona
Yasuo,Syndra,Jarvan IV,Jynx,Thresh
Irelia,Nidalee,Renga,Vayne,Blitzcrank
Jayce,Twisted Fate,Lee Sin,Caitlyn,Morgana
Gnar,Talon,Amumu,Quinn,Sona
Riven,Lulu,Master Yi,Jynx,Leona
Ryze,Katarina,Xin Zhao,Tristana,Leona
Nidalee,Karthus,Amumu,Ashe,Morgana
Wukong,Morgana,Warwick,Draven,Soraka
Teemo,Anivia,Malphite,Kalista,Braum
Lee Sin,Yasuo,Fiddlesticks,Tristana,Nami
Nidalee,Cassiopeia,Nunu,Caitlyn,Morgana
Kassadin,Ahri,Shaco,Ezreal,Blitzcrank
Rumble,Zed,Jarvan IV,Graves,Sona
Olaf,Zed,Rammus,Jynx,Braum
Pantheon,LeBlanc,Jarvan IV,Caitlyn,Leona
Rumble,Annie,Rek'Sai,Sivir,Leona
Kayle,Morgana,Master Yi,Varus,Leona
Wukong,Kassadin,Shaco,Draven,Sona
Akali,Ahri,Kha'Zix,Graves,Blitzcrank
Diana,Zed,Udyr,Ezreal,Sona
Pantheon,LeBlanc,Fiddlesticks,Corki,Leona
Quinn,Lissandra,Rammus,Jynx,Thresh
Nasus,Katarina,Rek'Sai,Ashe,Morgana
Cho'Gath,Yasuo,Udyr,Quinn,Blitzcrank
Malphite,Annie,Gragas,Vayne,Thresh
Akali,Jarvan IV,Warwick,Ashe,Vel'Koz
Karma,Syndra,Nocturne,Morgana,Ezreal
Darius,Akali,Renga,Lucian,Taric
Mordekaiser,Talon,Warwick,Vayne,Leona
Renekton,Karthus,Lee Sin,Caitlyn,Janna
Lissandra,Yasuo,Jarvan IV,Jynx,Blitzcrank
Fiora,Azir,Xin Zhao,Jynx,Thresh
Jarvan IV,Xerath,Warwick,Graves,Leona
Garen,LeBlanc,Shaco,Caitlyn,Malphite
Gangplank,Annie,Jarvan IV,Jynx,Leona
Riven,Ezreal,Master Yi,Draven,Zyra
Olaf,Gangplank,Sejuani,Ezreal,Vel'Koz
Teemo,Katarina,Renga,Tristana,Karma
Vladimir,Ziggs,Vi,Ashe,Morgana
Dr. Mundo,LeBlanc,Wukong,Caitlyn,Nami
Renga,Ahri,Xin Zhao,Graves,Karma
Riven,Katarina,Master Yi,Ezreal,Thresh
Nasus,Syndra,Wukong,Graves,Janna
Tryndamere,Yasuo,Amumu,Tristana,Anivia
Ryze,Nidalee,Skarner,Draven,Thresh
Jarvan IV,Ryze,Nautilus,Kalista,Thresh
Irelia,Karthus,Shyvana,Draven,Braum
Master Yi,Veigar,Vi,Ashe,Sona
Kayle,Yasuo,Tryndamere,Sivir,Morgana
Kassadin,Veigar,Shyvana,Kalista,Karma
Lissandra,Katarina,Zac,Graves,Leona
Jarvan IV,Orianna,Zac,Vayne,Sona
Master Yi,Brand,Nunu,Jynx,Leona
Sion,Ahri,Renga,Graves,Lulu
Rumble,Yasuo,Sion,Graves,Thresh
Riven,Katarina,Volibear,Corki,Lulu
Shyvana,Katarina,Diana,Sivir,Thresh
Dr. Mundo,Kassadin,Vi,Caitlyn,Blitzcrank
Riven,Katarina,Warwick,Lucian,Nunu
Pantheon,Ahri,Warwick,Vayne,Janna
Nasus,Twisted Fate,Amumu,Lucian,Blitzcrank
Jayce,Lux,Master Yi,Caitlyn,Leona
Poppy,Ahri,Fiora,Kalista,Leona
Yasuo,Zyra,Master Yi,Ashe,Leona
Vladimir,Talon,Kha'Zix,Jynx,Sona
Trundle,Karma,Sejuani,Draven,Janna
Tryndamere,Anivia,Renekton,Vayne,Lux
Rek'Sai,Annie,Rammus,Kalista,Morgana
Pantheon,Annie,Amumu,Volibear,Vayne
Ryze,Orianna,Vi,Caitlyn,Taric
Riven,Zed,Lee Sin,Ezreal,Cho'Gath
Fiora,Annie,Shen,Vayne,Blitzcrank
Jax,Morgana,Xin Zhao,Ashe,Heimerdinger
Darius,Heimerdinger,Fiddlesticks,Tristana,Sona
Riven,Katarina,Amumu,Tristana,Blitzcrank
Swain,Anivia,Master Yi,Ezreal,Thresh
Blitzcrank,Ziggs,Volibear,Kalista,Leona
Cho'Gath,Malzahar,Rammus,Twitch,Morgana
Rumble,Diana,Udyr,Corki,Sona
Nidalee,Katarina,Rek'Sai,Ashe,Leona
Riven,Malzahar,Lee Sin,Caitlyn,Leona
Malphite,Ahri,Twitch,Jynx,Morgana
Jax,Vladimir,Rammus,Lucian,Sona
Teemo,Lux,Warwick,Caitlyn,Morgana
Sejuani,Kassadin,Master Yi,Caitlyn,Janna
Soraka,Kayle,Shaco,Lucian,Quinn
Irelia,Katarina,Veigar,Miss Fortune,Morgana
Pantheon,Lee Sin,Kha'Zix,Tristana,Sejuani
Dr. Mundo,Xerath,Xin Zhao,Lucian,Ashe
Teemo,Ahri,Shaco,Tristana,Thresh
Jax,Malzahar,Jarvan IV,Jynx,Sona
Pantheon,Yasuo,Fiddlesticks,Lux,Sivir
Syndra,Fizz,Lee Sin,Jynx,Thresh
Shen,Katarina,Warwick,Graves,Taric
Malphite,Xerath,Warwick,Sivir,Nami
Fiora,Lux,Vi,Jynx,Thresh
Darius,Akali,Kha'Zix,Draven,Leona
Warwick,Ahri,Lee Sin,Tristana,Braum
Nidalee,Akali,Jax,Caitlyn,Blitzcrank
Aatrox,Fizz,Warwick,Tristana,Morgana
Jax,Zed,Warwick,Graves,Thresh
Shen,Ahri,Vi,Jynx,Annie
Sion,Azir,Master Yi,Vayne,Blitzcrank
Gangplank,LeBlanc,Pantheon,Ezreal,Sona
Ezreal,Ahri,Pantheon,Thresh,Ashe
Wukong,Brand,Shaco,Ashe,Sivir
Fiora,Heimerdinger,Lee Sin,Graves,Leona
Jayce,Nidalee,Wukong,Graves,Blitzcrank
Riven,Kayle,Udyr,Morgana,Sivir
Sion,Talon,Jarvan IV,Sona,Ashe
Nidalee,Yasuo,Wukong,Vayne,Leona
Syndra,Cho'Gath,Xin Zhao,Draven,Blitzcrank
Kha'Zix,Ziggs,Fiddlesticks,Draven,Thresh
Zac,Brand,Hecarim,Jynx,Leona
Wukong,Xerath,Pantheon,Caitlyn,Janna
Fiora,LeBlanc,Udyr,Graves,Blitzcrank
Kayle,Annie,Renga,Caitlyn,Thresh
Gnar,Zed,Vi,Vayne,Zilean
Nasus,Ryze,Kha'Zix,Kalista,Janna
Heimerdinger,Yasuo,Jax,Lux,Jynx
Darius,LeBlanc,Warwick,Quinn,Zilean
Riven,Xerath,Nautilus,Lucian,Janna
Irelia,Corki,Fiddlesticks,Graves,Thresh
Shyvana,Yasuo,Lee Sin,Vayne,Morgana
Malphite,Syndra,Jarvan IV,Varus,Leona
Fiora,Brand,Vi,Tristana,Sona
Vladimir,Annie,Fiddlesticks,Caitlyn,Leona
Zed,Yasuo,Xin Zhao,Jynx,Lulu
Zac,Talon,Rek'Sai,Graves,Janna
Shen,Syndra,Shaco,Varus,Sona
Cho'Gath,LeBlanc,Rek'Sai,Ashe,Braum
Darius,Orianna,Warwick,Malphite,Jynx
Zed,Viktor,Olaf,Quinn,Soraka
Darius,Morgana,Fiora,Jynx,Malphite
Gangplank,Malzahar,Fiddlesticks,Sivir,Thresh
Renga,Katarina,Pantheon,Twitch,Janna
Warwick,Kassadin,Shen,Lucian,Nidalee
Shyvana,Xerath,Amumu,Sivir,Soraka
Hecarim,Xerath,Lee Sin,Annie,Zyra
Lissandra,LeBlanc,Warwick,Graves,Blitzcrank
Wukong,LeBlanc,Master Yi,Jynx,Leona
Trundle,Lissandra,Udyr,Ezreal,Morgana
Irelia,Jayce,Vi,Miss Fortune,Thresh
Nasus,Brand,Jarvan IV,Ashe,Morgana
Taric,Rumble,Volibear,Jynx,Leona
Dr. Mundo,Zed,Lee Sin,Tristana,Morgana
Teemo,Karthus,Wukong,Graves,Thresh
Gnar,Katarina,Xin Zhao,Lucian,Morgana
Vi,Fizz,Yorick,Jynx,Thresh
Olaf,Malzahar,Xin Zhao,Corki,Zilean
Pantheon,Yasuo,Malphite,Caitlyn,Cho'Gath
Sion,Annie,Rek'Sai,Jynx,Nami
Pantheon,Heimerdinger,Xin Zhao,Ezreal,Thresh
Darius,Brand,Fiddlesticks,Sivir,Leona
Tryndamere,Annie,Jax,Ashe,Janna
Nasus,Malzahar,Lee Sin,Tristana,Blitzcrank
Garen,Yasuo,Tryndamere,Ezreal,Blitzcrank
Kayle,Nidalee,Vi,Caitlyn,Leona
Riven,Azir,Vi,Caitlyn,Soraka
Jarvan IV,Ziggs,Vi,Ezreal,Morgana
Irelia,Mordekaiser,Cho'Gath,Ezreal,Thresh
Nasus,Malzahar,Xin Zhao,Graves,Thresh
Jax,Nidalee,Master Yi,Jynx,Xerath
Garen,Zed,Jarvan IV,Caitlyn,Blitzcrank
Fiora,Ahri,Pantheon,Lucian,Zyra
Irelia,Syndra,Riven,Corki,Thresh
Trundle,Azir,Kha'Zix,Lucian,Brand
Jarvan IV,Nidalee,Udyr,Tristana,Janna
Hecarim,Master Yi,Lee Sin,Corki,Nami
Jayce,Brand,Jarvan IV,Graves,Sona
Rumble,Jayce,Jarvan IV,Caitlyn,Janna
Swain,Yasuo,Lee Sin,Ezreal,Alistar
Gnar,Akali,Rek'Sai,Vayne,Lux
Fiora,Swain,Nocturne,Kalista,Thresh
Cho'Gath,Zed,Xin Zhao,Graves,Taric
Teemo,Swain,Amumu,Caitlyn,Nami
Singed,Ahri,Rammus,Vayne,Thresh
Jax,Zilean,Master Yi,Miss Fortune,Zyra
Lissandra,LeBlanc,Jarvan IV,Lucian,Gangplank
Irelia,Orianna,Fiddlesticks,Graves,Leona
Darius,Talon,Xin Zhao,Graves,Morgana
Garen,Ahri,Jarvan IV,Corki,Nami
Pantheon,Yasuo,Lee Sin,Ashe,Janna
Wukong,Talon,Jarvan IV,Varus,Blitzcrank
Tryndamere,Malzahar,Master Yi,Jynx,Leona
Nasus,Cassiopeia,Jax,Corki,Morgana
Annie,Swain,Fiddlesticks,Ezreal,Morgana
Lissandra,LeBlanc,Lee Sin,Draven,Lulu
Fiora,Katarina,Vi,Draven,Leona
Veigar,Riven,Sejuani,Tristana,Blitzcrank
Riven,Ashe,Rek'Sai,Caitlyn,Volibear
Riven,Syndra,Evelynn,Ashe,Taric
Irelia,Kassadin,Twitch,Tristana,Blitzcrank
Nasus,Talon,Warwick,Vayne,Thresh
Diana,Fizz,Shaco,Jynx,Blitzcrank
Pantheon,Lissandra,Vi,Tristana,Alistar
Vayne,Akali,Udyr,Jynx,Thresh
Tryndamere,Zed,Lee Sin,Corki,Morgana
Riven,Lissandra,Pantheon,Caitlyn,Leona
Jarvan IV,Cassiopeia,Evelynn,Vayne,Nami
Riven,Kha'Zix,Nautilus,Graves,Leona
Swain,Talon,Rek'Sai,Twitch,Alistar
Singed,Ziggs,Shyvana,Kalista,Leona
Malphite,Ahri,Jarvan IV,Tristana,Thresh
Jarvan IV,LeBlanc,Vi,Jynx,Lux
Yasuo,Fizz,Warwick,Graves,Morgana
Volibear,LeBlanc,Udyr,Twitch,Janna
Shaco,Ezreal,Vi,Varus,Nami
Heimerdinger,Pantheon,Warwick,Draven,Blitzcrank
Udyr,Katarina,Wukong,LeBlanc,Sona
Volibear,Lux,Master Yi,Caitlyn,Leona
Urgot,Gragas,Lee Sin,Varus,Leona
Darius,Ahri,Jarvan IV,Ezreal,Morgana
Dr. Mundo,Vel'Koz,Sejuani,Jynx,Blitzcrank
Teemo,Syndra,Pantheon,Ezreal,Sona
Wukong,Xerath,Pantheon,Jynx,Braum
Quinn,Lucian,Kayle,Caitlyn,Thresh
Singed,Anivia,Lee Sin,Lucian,Thresh
Wukong,Heimerdinger,Shyvana,Caitlyn,Fiddlesticks
Cho'Gath,Diana,Riven,Ezreal,Leona
Vayne,LeBlanc,Warwick,Sivir,Morgana
Gangplank,Brand,Shaco,Miss Fortune,Morgana
Riven,Talon,Jarvan IV,Jynx,Janna
Nasus,Zed,Tryndamere,Draven,Leona
Riven,Orianna,Nunu,Jynx,Morgana
Pantheon,Ziggs,Shaco,Corki,Zyra
Garen,Zed,Elise,Nidalee,Ezreal
Wukong,Annie,Jarvan IV,Graves,Kayle
Riven,Annie,Lee Sin,Vayne,Zilean
Darius,Cho'Gath,Kha'Zix,Caitlyn,Morgana
Jayce,Annie,Vi,Vayne,Morgana
Renga,Ziggs,Shyvana,Lucian,Janna
Olaf,Yasuo,Wukong,Caitlyn,Sona
Teemo,Malzahar,Vi,Caitlyn,Leona
Riven,Vel'Koz,Sejuani,Twitch,Braum
Yasuo,Nidalee,Warwick,Graves,Lux
Zed,Twisted Fate,Jax,Ezreal,Lux
Pantheon,Azir,Olaf,Corki,Sona
Tryndamere,LeBlanc,Vi,Lucian,Morgana
Dr. Mundo,Katarina,Jarvan IV,Tristana,Thresh
Udyr,Kassadin,Lee Sin,Vayne,Sona
Swain,Jayce,Renga,Kalista,Lulu
Galio,Anivia,Rek'Sai,Quinn,Leona
Kayle,Evelynn,Nocturne,Vayne,Leona
Nasus,Zyra,Pantheon,Lucian,Sona
Irelia,Ahri,Master Yi,Graves,Leona
Ryze,Annie,Rek'Sai,Corki,Thresh
Cho'Gath,Zed,Vi,Sivir,Sion
Fiora,Xerath,Hecarim,Caitlyn,Syndra
Jayce,Fizz,Diana,Jynx,Jax
Fiora,Heimerdinger,Renga,Lucian,Leona
Irelia,Yasuo,Jarvan IV,Jynx,Janna
LeBlanc,Riven,Nautilus,Vayne,Soraka
Teemo,Ahri,Lee Sin,Tristana,Morgana
Riven,Lux,Warwick,Ashe,Volibear
Vladimir,Heimerdinger,Jarvan IV,Ashe,Nami
Jayce,Katarina,Nunu,Caitlyn,Thresh
Nasus,Cassiopeia,Udyr,Tristana,Annie
Fiora,Ahri,Rek'Sai,Caitlyn,Thresh
Rumble,Syndra,Master Yi,Ezreal,Lulu
Pantheon,Lissandra,Amumu,Jynx,Blitzcrank
Riven,Karma,Elise,Sivir,Thresh
Gnar,Lux,Xin Zhao,Malphite,Ezreal
Garen,Vel'Koz,Olaf,Jynx,Nami
Rek'Sai,Brand,Warwick,Lucian,Lux
Fiora,Lux,Udyr,Graves,Morgana
Aatrox,Cassiopeia,Fiddlesticks,Gnar,Thresh
Tryndamere,Orianna,Wukong,Jynx,Nami
Nasus,Brand,Jarvan IV,Draven,Thresh
Cho'Gath,Graves,Fiddlesticks,Caitlyn,Morgana
Nasus,Nidalee,Nunu,Kalista,Nami
Irelia,Xerath,Wukong,Caitlyn,Taric
Garen,Karma,Udyr,Sivir,Braum
Singed,Karthus,Lee Sin,Ashe,Leona
Irelia,Yasuo,Rek'Sai,Karma,Sivir
Alistar,Vel'Koz,Jarvan IV,Ashe,Leona
Teemo,Yasuo,Shaco,Lucian,Thresh
Rumble,Orianna,Riven,Graves,Lulu
Garen,Ahri,Vi,Jynx,Thresh
Garen,Lux,Renga,Ashe,Braum
Irelia,Brand,Fiora,Jynx,Blitzcrank
Maokai,Ezreal,Olaf,Lucian,Nami
Shen,Syndra,Diana,Kalista,Leona
Lee Sin,Ahri,Hecarim,Ashe,Taric
Nasus,Orianna,Shaco,Kalista,Janna
Riven,Heimerdinger,Xin Zhao,Ashe,Blitzcrank
Irelia,Ahri,Lee Sin,Morgana,Graves
Darius,Ahri,Shaco,Graves,Thresh
Renekton,Diana,Amumu,Ezreal,Nami
Renekton,Zed,Udyr,Tristana,Vel'Koz
Singed,Fizz,Hecarim,Jynx,Blitzcrank
Jarvan IV,LeBlanc,Lee Sin,Lucian,Thresh
Teemo,Ashe,Rek'Sai,Vayne,Morgana
Riven,Vladimir,Amumu,Twitch,Soraka
Warwick,Malzahar,Sejuani,Varus,Braum
Shyvana,Yasuo,Rek'Sai,Graves,Thresh
Darius,Yasuo,Vi,Sivir,Alistar
Riven,Master Yi,Rek'Sai,Ezreal,Annie
Maokai,Zilean,Shaco,Kalista,Thresh
Jayce,Veigar,Wukong,Draven,Malphite
Xin Zhao,Diana,Jarvan IV,Graves,Thresh
Irelia,Lux,Wukong,Caitlyn,Karma
Swain,Nidalee,Jax,Graves,Leona
Ryze,Fizz,Lee Sin,Kalista,Thresh
Nasus,Zed,Rek'Sai,Graves,Leona
Lissandra,Ryze,Vi,Sivir,Leona
Malphite,Cassiopeia,Shaco,Corki,Sona
Renga,Malzahar,Jax,Vayne,Braum
Vladimir,Ahri,Master Yi,Caitlyn,Blitzcrank
Vladimir,LeBlanc,Riven,Lucian,Janna
Jax,Brand,Sejuani,Ashe,Leona
Teemo,Gragas,Fiddlesticks,Vayne,Thresh
Gnar,Blitzcrank,Warwick,Vayne,Lulu
Pantheon,Brand,Nautilus,Ezreal,Thresh
Pantheon,Lux,Hecarim,Graves,Blitzcrank
Yasuo,Ahri,Rek'Sai,Draven,Blitzcrank
Nasus,Lux,Master Yi,Graves,Thresh
Riven,Lux,Jax,Lucian,Thresh
Diana,Syndra,Tryndamere,Caitlyn,Sona
Tryndamere,Ahri,Jarvan IV,Ezreal,Janna
Jax,Yasuo,Vi,Graves,Xerath
Jax,LeBlanc,Shaco,Ezreal,Lux
Dr. Mundo,Zed,Lee Sin,Vayne,Thresh
Irelia,Mordekaiser,Lee Sin,Kalista,Annie
Nasus,Talon,Xin Zhao,Vayne,Brand
Renekton,Mordekaiser,Nocturne,Ashe,Janna
Riven,Malzahar,Warwick,Corki,Leona
Zac,LeBlanc,Fiddlesticks,Lucian,Lulu
Tryndamere,Syndra,Lee Sin,Varus,Annie
Fizz,Mordekaiser,Rek'Sai,Vayne,Blitzcrank
Riven,Veigar,Nocturne,Vayne,Sona
Nasus,Zed,Master Yi,Kalista,Blitzcrank
Anivia,Yasuo,Jarvan IV,Jynx,Annie
Malzahar,Ahri,Lee Sin,Corki,Blitzcrank
Gangplank,Zed,Amumu,Kalista,Leona
Cho'Gath,Malzahar,Xin Zhao,Caitlyn,Ryze
Jayce,Lux,Warwick,Vayne,Thresh
Nasus,LeBlanc,Rek'Sai,Graves,Annie
Irelia,Syndra,Xin Zhao,Kog'Maw,Thresh
Shen,Malzahar,Master Yi,Kalista,Azir
Wukong,Talon,Warwick,Jynx,Nami
Nasus,Fizz,Renga,Blitzcrank,Twitch
Darius,Cassiopeia,Tryndamere,Sivir,Braum
Quinn,Malzahar,Rek'Sai,Lucian,Janna
Gnar,Zed,Rek'Sai,Graves,Nami
Lissandra,Syndra,Pantheon,Corki,Morgana
Teemo,Veigar,Volibear,Graves,Janna
Darius,Azir,Lee Sin,Vayne,Lux
Akali,Heimerdinger,Pantheon,Vayne,Alistar
Renekton,Brand,Jarvan IV,Caitlyn,Thresh
Irelia,Swain,Hecarim,Jynx,Blitzcrank
Pantheon,Twisted Fate,Xin Zhao,Caitlyn,Braum
Garen,Heimerdinger,Lee Sin,Miss Fortune,Annie
Heimerdinger,Ahri,Rammus,Caitlyn,Thresh
Ashe,Xerath,Sion,Caitlyn,Lulu
Jax,Lux,Vi,Tristana,Sona
Rumble,Vel'Koz,Pantheon,Jynx,Sona
Darius,Lissandra,Pantheon,Ashe,Lux
Jayce,Katarina,Lee Sin,Tristana,Leona
Fiora,Veigar,Rek'Sai,Jynx,Morgana
Nasus,Katarina,Trundle,Corki,Morgana
Vayne,Malzahar,Shaco,Caitlyn,Alistar
Sion,Twisted Fate,Nautilus,Jynx,Thresh
Lulu,Malzahar,Kha'Zix,Jynx,Janna
Nasus,Ahri,Udyr,Graves,Sona
Fiora,Veigar,Sejuani,Morgana,Jynx
Maokai,Zed,Vi,Tristana,Nami
Ashe,Katarina,Master Yi,Zed,Xerath
Irelia,Nidalee,Pantheon,Ezreal,Soraka
Jarvan IV,Morgana,Maokai,Miss Fortune,Thresh
Nasus,Ahri,Lee Sin,Gnar,Sona
Yasuo,LeBlanc,Master Yi,Lucian,Leona
Gnar,Gragas,Udyr,Caitlyn,Brand
Lux,Heimerdinger,Vi,Zyra,Twitch
Vladimir,Jayce,Darius,Varus,Vel'Koz
Annie,Fizz,Sion,Graves,Leona
Gangplank,Talon,Lee Sin,Caitlyn,Soraka
Nidalee,Katarina,Lee Sin,Jynx,Sona
Riven,Azir,Jarvan IV,Sivir,Morgana
Fiora,Lissandra,Jarvan IV,Draven,Blitzcrank
Jax,Katarina,Vi,Kalista,Thresh
Zed,Ahri,Master Yi,Morgana,Tristana
Gangplank,Heimerdinger,Jarvan IV,Caitlyn,Thresh
Ryze,Akali,Renga,Sivir,Zilean
Gnar,Nidalee,Vi,Miss Fortune,Lux
Ashe,Katarina,Warwick,Lucian,Morgana
Fiora,Xerath,Tryndamere,Caitlyn,Soraka
Riven,Heimerdinger,Warwick,Corki,Thresh
Renekton,Malzahar,Vi,Caitlyn,Braum
Nasus,Twisted Fate,Udyr,Jynx,Blitzcrank
Wukong,Nidalee,Warwick,Vayne,Karma
Jarvan IV,Veigar,Pantheon,Caitlyn,Leona
Riven,Orianna,Kha'Zix,Ezreal,Blitzcrank
Tryndamere,Fizz,Master Yi,Varus,Annie
Nasus,Kassadin,Vi,Miss Fortune,Lux
Tryndamere,Katarina,Jarvan IV,Corki,Janna
Pantheon,Karthus,Jarvan IV,Varus,Sona
Nasus,Janna,Master Yi,Caitlyn,Annie
Irelia,Vel'Koz,Hecarim,Jynx,Morgana
Gnar,Talon,Lee Sin,Ezreal,Blitzcrank
Heimerdinger,Ziggs,Vi,Twitch,Fiddlesticks
Kassadin,LeBlanc,Jarvan IV,Graves,Thresh
Jarvan IV,Orianna,Vi,Graves,Thresh
Irelia,Annie,Lee Sin,Caitlyn,Janna
Cho'Gath,Zed,Warwick,Miss Fortune,Lulu
Riven,Syndra,Master Yi,Tristana,Nami
Teemo,Mordekaiser,Master Yi,Thresh,Miss Fortune
Pantheon,Swain,Dr. Mundo,Kalista,Soraka
Shen,Ahri,Lee Sin,Caitlyn,Morgana
Shen,Ahri,Jarvan IV,Draven,Thresh
Darius,Yasuo,Sion,Caitlyn,Sona
Rek'Sai,LeBlanc,Warwick,Graves,Janna
Volibear,Fizz,Xin Zhao,Jynx,Thresh
Kayle,Akali,Lee Sin,Caitlyn,Zyra
Garen,Annie,Nidalee,Vayne,Janna
Wukong,Katarina,Vi,Lux,Twitch
Riven,Nidalee,Vi,Quinn,Sona
Jarvan IV,Syndra,Nunu,Jynx,Malphite
Lee Sin,Lux,Sejuani,Graves,Janna
Nasus,Yasuo,Lee Sin,Draven,Janna
Teemo,Nidalee,Volibear,Leona,Caitlyn
Jax,Akali,Elise,Ezreal,Leona
Akali,Jarvan IV,Shyvana,Tristana,Leona
Gangplank,Nidalee,Jarvan IV,Caitlyn,Leona
Malphite,Nidalee,Jarvan IV,Vayne,Janna
Gnar,Syndra,Warwick,Graves,Blitzcrank
Malphite,Twisted Fate,Pantheon,Ezreal,Janna
Nasus,Fizz,Lee Sin,Miss Fortune,Thresh
Riven,Orianna,Elise,Ezreal,Thresh
Yasuo,Ryze,Malphite,Kalista,Leona
Zac,Kalista,Warwick,Ezreal,Morgana
Sion,Malzahar,Warwick,Blitzcrank,Caitlyn
Swain,Ziggs,Shyvana,Kalista,Sona
Cassiopeia,Katarina,Vi,Graves,Leona
Nasus,Cassiopeia,Rek'Sai,Miss Fortune,Sona
Jax,Katarina,Alistar,Graves,Nami
Shen,Ezreal,Amumu,Tristana,Pantheon
Volibear,Shaco,Skarner,Sivir,Nidalee
Gnar,Katarina,Pantheon,Vayne,Taric
Galio,LeBlanc,Master Yi,Caitlyn,Thresh
Pantheon,Malzahar,Vi,Sivir,Janna
Riven,Zed,Fiddlesticks,Jynx,Soraka
Riven,Zed,Master Yi,Draven,Morgana
Tryndamere,Diana,Fiddlesticks,Tristana,Thresh
Darius,Lux,Karma,Jynx,Morgana
Jax,Heimerdinger,Kha'Zix,Caitlyn,Sona
Maokai,Veigar,Vi,Kalista,Annie
Thresh,LeBlanc,Evelynn,Jynx,Zyra
Xin Zhao,Brand,Zac,Graves,Sona
Pantheon,Zed,Hecarim,Vayne,Leona
Teemo,Fizz,Warwick,Caitlyn,Thresh
Fiora,Talon,Rek'Sai,Sivir,Volibear
Darius,Zilean,Jarvan IV,Corki,Janna
Akali,Talon,Vi,Caitlyn,Braum
Nasus,Kassadin,Gnar,Lucian,Braum
Riven,Katarina,Lee Sin,Caitlyn,Lulu
Mordekaiser,Heimerdinger,Diana,Caitlyn,Leona
Lissandra,Katarina,Lee Sin,Jynx,Thresh
Gnar,LeBlanc,Vi,Graves,Annie
Talon,Lux,Udyr,Varus,Blitzcrank
Darius,Xin Zhao,Nunu,Jynx,Janna
Maokai,Malzahar,Skarner,Ezreal,Morgana
Nasus,Katarina,Pantheon,Jynx,Morgana
Darius,Zed,Warwick,Jynx,Volibear
Shen,Yasuo,Sejuani,Caitlyn,Braum
Riven,Viktor,Xin Zhao,Graves,Morgana
Nasus,LeBlanc,Sejuani,Miss Fortune,Sona
Tryndamere,Lissandra,Warwick,Graves,Leona
Pantheon,Katarina,Lee Sin,Vayne,Teemo
Irelia,Brand,Master Yi,Vayne,Zilean
Darius,Zed,Rek'Sai,Tristana,Ahri
Nasus,LeBlanc,Poppy,Caitlyn,Annie
Elise,Ryze,Nunu,Sivir,Zilean
Tryndamere,Malphite,Master Yi,Caitlyn,Morgana
Renga,Heimerdinger,Volibear,Miss Fortune,Singed
Renekton,Ahri,Lee Sin,Vayne,Nami
Yorick,Mordekaiser,Nocturne,Ezreal,Leona
Master Yi,Annie,Hecarim,Lucian,Thresh
Nasus,Fizz,Warwick,Miss Fortune,Zilean
Pantheon,Zed,Renga,Lucian,Thresh
Darius,Lissandra,Jax,Tristana,Leona
Cassiopeia,Nidalee,Jarvan IV,Graves,Leona
Pantheon,Fizz,Kha'Zix,Ezreal,Nami
Xin Zhao,Lux,Jarvan IV,Graves,Blitzcrank
Mordekaiser,Lissandra,Vi,Varus,Nami
Jax,LeBlanc,Rammus,Sivir,Janna
Gnar,Akali,Master Yi,Corki,Thresh
Lucian,Kassadin,Lee Sin,Alistar,Caitlyn
Olaf,Ahri,Warwick,Quinn,Taric
Nasus,Viktor,Xin Zhao,Tristana,Thresh
Gnar,Orianna,Shaco,Caitlyn,Blitzcrank
Garen,Xerath,Poppy,Ezreal,Thresh
Sion,Malzahar,Jarvan IV,Caitlyn,Braum
Veigar,Wukong,Pantheon,Draven,Braum
Trundle,Orianna,Renekton,Vayne,Thresh
Yasuo,Karma,Lee Sin,Lucian,Braum
Renga,Veigar,Malphite,Corki,Thresh
Darius,Xerath,Teemo,Jynx,Leona
Jarvan IV,Katarina,Vi,Vayne,Thresh
Cho'Gath,Zed,Singed,Tristana,Nami
Fiora,Syndra,Sion,Lucian,Blitzcrank
Mordekaiser,Nidalee,Warwick,Corki,Thresh
Wukong,Anivia,Renga,Ezreal,Taric
Jax,LeBlanc,Lee Sin,Kalista,Janna
Wukong,Heimerdinger,Renga,Vayne,Braum
Nasus,Ahri,Teemo,Caitlyn,Blitzcrank
Ryze,Ahri,Vi,Jynx,Morgana
Malphite,LeBlanc,Olaf,Lucian,Thresh
Malphite,Ahri,Lee Sin,Graves,Sona
Twisted Fate,Pantheon,Warwick,Vayne,Nami
Yorick,Zed,Gragas,Shen,Miss Fortune
Xin Zhao,Xerath,Warwick,Vayne,Zilean
Shen,Katarina,Udyr,Jynx,Leona
Zed,Brand,Pantheon,Jynx,Leona
Irelia,Zed,Elise,Jynx,Morgana
Riven,Diana,Lee Sin,Graves,Lulu
Nasus,Cassiopeia,Hecarim,Lucian,Braum
Riven,Brand,Xin Zhao,Kalista,Thresh
Fiora,Anivia,Tryndamere,Draven,Leona
Fiora,LeBlanc,Lee Sin,Tristana,Taric
Yasuo,Fizz,Nocturne,Ezreal,Leona
Sion,LeBlanc,Wukong,Vayne,Nami
Cho'Gath,Annie,Vi,Lucian,Leona
Fiora,LeBlanc,Renga,Miss Fortune,Morgana
Nasus,Akali,Volibear,Kalista,Thresh
Nasus,Yasuo,Cho'Gath,Graves,Sona
Teemo,Ahri,Nunu,Quinn,Braum
Jax,Lux,Jarvan IV,Caitlyn,Morgana
Vladimir,Ahri,Nasus,Graves,Thresh
Renga,Lissandra,Lee Sin,Ashe,Leona
Teemo,LeBlanc,Lee Sin,Ashe,Thresh
Riven,Orianna,Jarvan IV,Graves,Sona
Nasus,LeBlanc,Master Yi,Graves,Thresh
Akali,Ziggs,Amumu,Jynx,Blitzcrank
Lee Sin,Cassiopeia,Rammus,Tristana,Soraka
Irelia,Lissandra,Pantheon,Graves,Janna
Singed,Ezreal,Jarvan IV,Caitlyn,Braum
Rek'Sai,Ahri,Skarner,Jynx,Zilean
Irelia,Lux,Wukong,Caitlyn,Thresh
Nasus,Zilean,Vi,Morgana,Vayne
Nidalee,Orianna,Nunu,Corki,Thresh
Jax,Talon,Pantheon,Graves,Nami
Jax,Annie,Xin Zhao,Ezreal,Sona
Singed,Vladimir,Xin Zhao,Caitlyn,Thresh
Rumble,Heimerdinger,Jarvan IV,Varus,Blitzcrank
Gangplank,Akali,Renga,Shaco,Graves
Yorick,Caitlyn,Maokai,Jynx,Blitzcrank
Ryze,Annie,Lulu,Vayne,Braum
Cho'Gath,Orianna,Vi,Varus,Sion
Jayce,Lissandra,Wukong,Jynx,Thresh
Darius,Cassiopeia,Rammus,Caitlyn,Nami
Ryze,Orianna,Trundle,Caitlyn,Morgana
Kassadin,Twisted Fate,Lee Sin,Graves,Dr. Mundo
Gangplank,Annie,Renga,Jynx,Blitzcrank
Darius,Xerath,Vi,Corki,Nami
Riven,Xerath,Warwick,Tristana,Alistar
Rumble,Lux,Vi,Graves,Leona
Garen,Ahri,Xin Zhao,Vayne,Sona
Wukong,Diana,Fiora,Ashe,Thresh
Riven,Syndra,Udyr,Caitlyn,Janna
Pantheon,Heimerdinger,Master Yi,Ashe,Blitzcrank
Irelia,Akali,Jarvan IV,Rek'Sai,Caitlyn
Dr. Mundo,Fizz,Vi,Morgana,Jynx
Nasus,Zed,Fiddlesticks,Lucian,Teemo
Jarvan IV,Mordekaiser,Shyvana,Jynx,Soraka
Yasuo,Diana,Warwick,Draven,Leona
Garen,Heimerdinger,Master Yi,Ashe,Lulu
Aatrox,Teemo,Kha'Zix,Varus,Soraka
Fiora,Orianna,Amumu,Twitch,Janna
Gnar,Xerath,Xin Zhao,Ezreal,Brand
Kayle,Lux,Rammus,Miss Fortune,Blitzcrank
Olaf,Fizz,Wukong,Jynx,Karma
Volibear,Ryze,Udyr,Tristana,Leona
Jarvan IV,Tryndamere,Malphite,Karma,Vayne
Riven,Malzahar,Amumu,Ezreal,Nidalee
Gangplank,Morgana,Elise,Tristana,Janna
Renekton,Zed,Nunu,Lucian,Nami
Darius,Lulu,Sejuani,Sivir,Thresh
Ahri,Zed,Udyr,Graves,Lux
Gnar,Vladimir,Cho'Gath,Jynx,Thresh
Maokai,Azir,Fiddlesticks,Ashe,Thresh
Dr. Mundo,Zed,Rek'Sai,Caitlyn,Blitzcrank
Fiora,Cho'Gath,Xin Zhao,Caitlyn,Nami
Ryze,Sona,Sejuani,Lucian,Annie
Lissandra,Zed,Wukong,Miss Fortune,Braum
Riven,LeBlanc,Renga,Draven,Leona
Irelia,Orianna,Vi,Ezreal,Thresh
Pantheon,Kassadin,Jarvan IV,Kalista,Morgana
Kayle,Wukong,Tryndamere,Sivir,Blitzcrank
Jax,Vladimir,Jarvan IV,Ezreal,Janna
Vladimir,Urgot,Nunu,Draven,Leona
Pantheon,Fizz,Shen,Ezreal,Vel'Koz
Jarvan IV,Annie,Dr. Mundo,Jynx,Morgana
Olaf,Syndra,Rammus,Graves,Thresh
Teemo,Syndra,Rammus,Kalista,Soraka
Lissandra,Xerath,Udyr,Quinn,Blitzcrank
Diana,Darius,Pantheon,Graves,Janna
Aatrox,Yasuo,Rek'Sai,Thresh,Vayne
Vladimir,Nidalee,Renga,Tristana,Nami
Dr. Mundo,Kayle,Shyvana,Miss Fortune,Morgana
Cho'Gath,Twisted Fate,Amumu,Corki,Sona
Kassadin,Orianna,Nocturne,Kalista,Braum
Darius,Ahri,Jarvan IV,Jynx,Thresh
Renekton,LeBlanc,Fiddlesticks,Jynx,Blitzcrank
Jarvan IV,Gragas,Irelia,Kog'Maw,Morgana
Garen,Tristana,Shaco,Jynx,Thresh
Gnar,Kennen,Master Yi,Sivir,Shen
Singed,Vel'Koz,Dr. Mundo,Graves,Leona
Sion,Veigar,Jarvan IV,Jynx,Soraka
Riven,LeBlanc,Udyr,Miss Fortune,Karma
Nasus,Yasuo,Diana,Draven,Nami
Malphite,Syndra,Vi,Caitlyn,Morgana
Fiora,Xerath,Wukong,Tristana,Brand
Nasus,Kassadin,Shaco,Twitch,Braum
Kayle,Zed,Vi,Caitlyn,Morgana
Annie,Syndra,Vi,Corki,Janna
Wukong,Yasuo,Shaco,Lucian,Thresh
Lee Sin,Zed,Amumu,Vayne,Sona
Gangplank,Twisted Fate,Shaco,Corki,Thresh
Irelia,Syndra,Vi,Graves,Janna
Caitlyn,Kassadin,Xin Zhao,Miss Fortune,Leona
Yasuo,Kennen,Wukong,Ezreal,Taric
Shyvana,Katarina,Rek'Sai,Jynx,Amumu
Gnar,Annie,Cho'Gath,Twitch,Leona
Darius,Twisted Fate,Shaco,Jynx,Janna
Yorick,Yasuo,Sejuani,Graves,Sona
Irelia,Lux,Lee Sin,Vayne,Thresh
Singed,Ahri,Renga,Ezreal,Blitzcrank
Pantheon,Malzahar,Lee Sin,Corki,Thresh
Vladimir,Riven,Shen,Caitlyn,Janna
Maokai,Katarina,Warwick,Ezreal,Annie
Renekton,Orianna,Jayce,Tristana,Sona
Mordekaiser,Riven,Udyr,Ashe,Soraka
Vladimir,Vel'Koz,Vi,Jynx,Thresh
Pantheon,Riven,Maokai,Miss Fortune,Blitzcrank
Kha'Zix,Xin Zhao,Udyr,Braum,Tristana
Jax,Talon,Lee Sin,Quinn,Sona
Maokai,Zed,Lee Sin,Quinn,Morgana
Xin Zhao,Ezreal,Vi,Ashe,Morgana
Shen,Elise,Sejuani,Tristana,Annie
Darius,Yasuo,Elise,Tristana,Lulu
Kennen,Kassadin,Pantheon,Draven,Leona
Nasus,Vladimir,Lee Sin,Caitlyn,Fiddlesticks
Zac,Anivia,Renga,Miss Fortune,Thresh
Renekton,Orianna,Rammus,Lucian,Janna
Riven,Zed,Amumu,Graves,Nami
Garen,Teemo,Warwick,Miss Fortune,Morgana
Malphite,Lux,Rammus,Jynx,Blitzcrank
Pantheon,Anivia,Fiddlesticks,Graves,Janna
Jax,Azir,Pantheon,Vayne,Sona
Nunu,Yasuo,Amumu,Jynx,Leona
Irelia,Lulu,Vi,Graves,Thresh
Gnar,Fizz,Elise,Lucian,Blitzcrank
Malphite,Brand,Master Yi,Ashe,Morgana
Tryndamere,Xerath,Jax,Tristana,Leona
Malphite,Orianna,Fiddlesticks,Varus,Soraka
Tryndamere,Katarina,Wukong,Ashe,Thresh
Fiora,Katarina,Warwick,Corki,Annie
Diana,Swain,Wukong,Kog'Maw,Blitzcrank
Shen,Syndra,Lee Sin,Tristana,Thresh
Irelia,LeBlanc,Fiddlesticks,Ashe,Annie
Singed,Ahri,Zac,Graves,Blitzcrank
Heimerdinger,Kayle,Rek'Sai,Quinn,Morgana
Nidalee,Ahri,Xin Zhao,Jynx,Morgana
Riven,LeBlanc,Vi,Draven,Blitzcrank
Nasus,Syndra,Renga,Ashe,Blitzcrank
Garen,Xerath,Tryndamere,Caitlyn,Thresh
Irelia,Heimerdinger,Xin Zhao,Sona,Caitlyn
Master Yi,Azir,Sejuani,Caitlyn,Vel'Koz
Heimerdinger,Cassiopeia,Shyvana,Lucian,Morgana
Malphite,Brand,Master Yi,Vayne,Thresh
Vladimir,Cho'Gath,Wukong,Caitlyn,Braum
Malphite,Kennen,Wukong,Corki,Janna
Vayne,Zed,Maokai,Varus,Karma
Swain,Darius,Master Yi,Lucian,Blitzcrank
Teemo,Fizz,Poppy,Vayne,Thresh
Darius,Mordekaiser,Master Yi,Quinn,Galio
Riven,Katarina,Vi,Ezreal,Leona
Darius,Malzahar,Pantheon,Graves,Taric
Nasus,Karthus,Fiddlesticks,Corki,Janna
Teemo,Zed,Amumu,Graves,Thresh
Malphite,Annie,Nautilus,Draven,Nami
Irelia,Akali,Udyr,Lucian,Blitzcrank
Nasus,Talon,Jax,Tristana,Morgana
Riven,Ziggs,Vi,Corki,Leona
Aatrox,Orianna,Jarvan IV,Jynx,Nami
Rumble,Diana,Fiddlesticks,Ezreal,Blitzcrank
Riven,Cho'Gath,Udyr,Miss Fortune,Lux
Diana,Katarina,Vi,Ezreal,Sona
Nasus,Xerath,Rek'Sai,Graves,Thresh
Nidalee,Katarina,Warwick,Caitlyn,Alistar
Dr. Mundo,Syndra,Fiddlesticks,Lucian,Taric
Jax,Veigar,Nautilus,Caitlyn,Janna
Yasuo,Veigar,Akali,Ezreal,Leona
Teemo,Zed,Pantheon,Vladimir,Twitch
Renekton,Orianna,Amumu,Ezreal,Blitzcrank
Irelia,Fizz,Jax,Graves,Thresh
Malphite,Malzahar,Udyr,Jynx,Leona
Fiora,Lissandra,Rek'Sai,Tristana,Thresh
Irelia,Ahri,Sejuani,Vayne,Karma
Akali,Ziggs,Vi,Ezreal,Janna
Nasus,Veigar,Kha'Zix,Graves,Soraka
Malphite,Heimerdinger,Udyr,Miss Fortune,Blitzcrank
Cho'Gath,Katarina,Trundle,Jynx,Thresh
Cho'Gath,Karthus,Sejuani,Caitlyn,Leona
Wukong,Gragas,Rek'Sai,Miss Fortune,Braum
Lissandra,Orianna,Pantheon,Thresh,Blitzcrank
Nasus,Kassadin,Malphite,Lucian,Janna
Malphite,Zed,Shaco,Twitch,Sona
Rek'Sai,Zed,Wukong,Varus,Morgana
Anivia,Rumble,Nocturne,Draven,Nautilus
Shen,Ezreal,Master Yi,Caitlyn,Thresh
Lissandra,Ziggs,Jayce,Jynx,Sona
Gnar,Heimerdinger,Xin Zhao,Graves,Zilean
Diana,Zed,Amumu,Volibear,Gragas
Darius,Xerath,Shaco,Jynx,Morgana
Gangplank,Annie,Caitlyn,Sivir,Olaf
Jayce,Hecarim,Cho'Gath,Tristana,Nami
Jayce,Diana,Renga,Caitlyn,Leona
Tristana,Talon,Amumu,Katarina,Sona
Jayce,Malzahar,Vi,Ashe,Leona
Garen,Azir,Vi,Twitch,Soraka
Ashe,Vel'Koz,Renga,Graves,Nami
Shyvana,Lux,Lee Sin,Lucian,Nidalee
Tryndamere,Mordekaiser,Cho'Gath,Lucian,Leona
Lissandra,Yasuo,Sion,Caitlyn,Thresh
Lulu,Fiora,Rek'Sai,Kalista,Thresh
Cho'Gath,Fizz,Lee Sin,Graves,Nunu
Shen,Katarina,Wukong,Kalista,Thresh
Kassadin,Annie,Jarvan IV,Quinn,Azir
Riven,Yasuo,Amumu,Lucian,Sona
Kayle,Wukong,Udyr,Thresh,Varus
Fiora,Orianna,Elise,Sivir,Fiddlesticks
Vayne,Yasuo,Rammus,Lucian,Volibear
Garen,Lux,Vi,Caitlyn,Blitzcrank
Nasus,LeBlanc,Lee Sin,Jynx,Sona
Fiora,Zed,Fiddlesticks,Corki,Blitzcrank
Jayce,Annie,Amumu,Caitlyn,Morgana
Jarvan IV,Kassadin,Udyr,Tristana,Leona
Darius,Xerath,Olaf,Twitch,Lux
Nocturne,Ahri,Lee Sin,Vayne,Alistar
Ziggs,Yasuo,Sion,Caitlyn,Thresh
Pantheon,Heimerdinger,Fiddlesticks,Caitlyn,Thresh
Gangplank,Ezreal,Warwick,Kog'Maw,Veigar
Riven,Ziggs,Shaco,Kennen,Taric
Renekton,Malzahar,Vi,Corki,Morgana
Shaco,Zed,Pantheon,Caitlyn,Alistar
Darius,Malzahar,Master Yi,Lucian,Braum
Garen,Zed,Trundle,Vayne,Thresh
Rumble,Lissandra,Volibear,Lucian,Karma
Darius,Fizz,Pantheon,Lucian,Nautilus
Riven,Syndra,Lee Sin,Sivir,Nami
Jax,Viktor,Wukong,Ezreal,Sona
Riven,Zilean,Shyvana,Twitch,Janna
Irelia,Orianna,Master Yi,Tristana,Thresh
Fiora,Fiddlesticks,Tryndamere,Miss Fortune,Thresh
Elise,Katarina,Cho'Gath,Varus,Pantheon
Fiora,Annie,Elise,Caitlyn,Mordekaiser
Kalista,Katarina,Lee Sin,Tristana,Teemo
Wukong,LeBlanc,Kha'Zix,Blitzcrank,Tristana
Jax,Ezreal,Udyr,Graves,Sona
Aatrox,Karthus,Jarvan IV,Lucian,Blitzcrank
Malphite,Annie,Warwick,Caitlyn,Poppy
Vladimir,Syndra,Vi,Tristana,Morgana
Nasus,LeBlanc,Kha'Zix,Graves,Thresh
Jarvan IV,Fizz,Warwick,Corki,Sona
Kennen,Orianna,Amumu,Blitzcrank,Caitlyn
Garen,Katarina,Volibear,Sivir,Janna
Yorick,Annie,Lee Sin,Caitlyn,Sona
Teemo,Ahri,Jarvan IV,Quinn,Lux
Gnar,Karthus,Lee Sin,Graves,Morgana
Cassiopeia,Zed,Shaco,Vayne,Leona
Nasus,Lux,Vayne,Caitlyn,Leona
Fiora,Azir,Fiddlesticks,Graves,Nami
Singed,Twisted Fate,Pantheon,Graves,Leona
Teemo,Katarina,Rammus,Vayne,Thresh
Gangplank,Syndra,Shen,Vayne,Blitzcrank
Renekton,Morgana,Rek'Sai,Caitlyn,Braum
Irelia,Malphite,Jarvan IV,Corki,Blitzcrank
Nasus,Zyra,Kha'Zix,Ashe,Nami
Pantheon,Diana,Udyr,Caitlyn,Leona
Mordekaiser,Katarina,Master Yi,Tristana,Thresh
Volibear,Anivia,Lee Sin,Vayne,Nami
Olaf,Annie,Vi,Draven,Braum
Irelia,Ahri,Jarvan IV,Graves,Blitzcrank
Gnar,Veigar,Vi,Ezreal,Azir
Shen,Orianna,Renga,Corki,Thresh
Riven,Katarina,Renga,Corki,Leona
Gragas,Orianna,Amumu,Caitlyn,Morgana
Lee Sin,LeBlanc,Pantheon,Caitlyn,Sona
Olaf,Ahri,Xin Zhao,Draven,Janna
Teemo,Swain,Evelynn,Caitlyn,Blitzcrank
Garen,Twisted Fate,Amumu,Lucian,Taric
Renekton,Xerath,Vi,Caitlyn,Thresh
Malphite,Fizz,Amumu,Corki,Janna
Irelia,Fizz,Jarvan IV,Ashe,Annie
Jayce,Zed,Kha'Zix,Tristana,Morgana
Shen,Lissandra,Lee Sin,Nami,Jynx
Gnar,Talon,Elise,Ezreal,Karma
Vladimir,Miss Fortune,Pantheon,Vayne,Sona
Zed,LeBlanc,Evelynn,Caitlyn,Leona
Irelia,Jayce,Wukong,Draven,Blitzcrank
Fiora,Zed,Jarvan IV,Vayne,Leona
Darius,LeBlanc,Sejuani,Graves,Thresh
Riven,Orianna,Annie,Ashe,Thresh
Malzahar,Lissandra,Shaco,Twitch,Leona
Rek'Sai,Ziggs,Lucian,Ezreal,Janna
Gnar,LeBlanc,Kha'Zix,Draven,Thresh
Malphite,Xerath,Jax,Varus,Thresh
Shen,Malzahar,Lee Sin,Graves,Zilean
Riven,Akali,Jarvan IV,Tristana,Blitzcrank
Irelia,Lux,Lee Sin,Varus,Karma
Ryze,LeBlanc,Yorick,Jynx,Zyra
Kassadin,Malzahar,Sion,Ashe,Thresh
Riven,Azir,Diana,Tristana,Thresh
Shen,Karma,Jarvan IV,Jynx,Kayle
Sion,Veigar,Pantheon,Ezreal,Morgana
Master Yi,Xerath,Shaco,Kalista,Thresh
Riven,Lissandra,Vi,Caitlyn,Blitzcrank
Riven,Xerath,Sejuani,Ashe,Lulu
Cho'Gath,Karma,Renga,Ezreal,Annie
Rumble,Ziggs,Jax,Twisted Fate,Volibear
Jayce,Heimerdinger,Jarvan IV,Vayne,Morgana
Pantheon,Zed,Nocturne,Ashe,Morgana
Quinn,Jayce,Karthus,Lucian,Leona
Gnar,Katarina,Kayle,Caitlyn,Thresh
Garen,Kassadin,Hecarim,Jynx,Blitzcrank
Vladimir,Varus,Xin Zhao,Morgana,Annie
Heimerdinger,Ahri,Pantheon,Kalista,Thresh
Renekton,Malzahar,Vi,Tristana,Braum
Nasus,Malzahar,Tryndamere,Kalista,Morgana
Volibear,LeBlanc,Jarvan IV,Caitlyn,Thresh
Renekton,Katarina,Fiora,Sivir,Thresh
Garen,Annie,Jarvan IV,Ashe,Morgana
Vladimir,Viktor,Wukong,Jynx,Braum
Nasus,Malzahar,Master Yi,Sivir,Thresh
Aatrox,Fizz,Warwick,Tristana,Volibear
Cho'Gath,Akali,Renga,Jynx,Thresh
Ryze,LeBlanc,Fiddlesticks,Tristana,Zilean
Shen,Malzahar,Elise,Ezreal,Janna
Trundle,Wukong,Amumu,Corki,Sona
Renekton,Orianna,Rek'Sai,Graves,Annie
Gangplank,Akali,Rammus,Twitch,Janna
Alistar,Zed,Jarvan IV,Jynx,Vel'Koz
Rumble,Katarina,Fiora,Lucian,LeBlanc
Yasuo,Annie,Vi,Corki,Morgana
Cho'Gath,Katarina,Lee Sin,Ezreal,Thresh
Kayle,Veigar,Warwick,Volibear,Vayne
Teemo,Ahri,Riven,Quinn,Thresh
Nasus,Cassiopeia,Warwick,Graves,Nami
Malphite,Yasuo,Kha'Zix,Twitch,Alistar
Gangplank,Lissandra,Udyr,Caitlyn,Thresh
Jayce,Zed,Vi,Graves,Sona
Gnar,Vladimir,Lee Sin,Kalista,Janna
Rumble,Zed,Vi,Tristana,Nami
Poppy,Brand,Renga,Kalista,Leona
Akali,LeBlanc,Sejuani,Lux,Jynx
Shyvana,LeBlanc,Vi,Tristana,Morgana
Fiora,Ahri,Master Yi,Corki,Braum
Swain,Brand,Vi,Corki,Braum
Wukong,Zed,Maokai,Ashe,Zyra
Irelia,LeBlanc,Jarvan IV,Caitlyn,Blitzcrank
Tryndamere,Kassadin,Sion,Graves,Thresh
Aatrox,Zed,Amumu,Lucian,Lux
Master Yi,Fizz,Jarvan IV,Graves,Karma
Gangplank,Yasuo,Jarvan IV,Kalista,Morgana
Ryze,Ahri,Amumu,Caitlyn,Thresh
Garen,Orianna,Renga,Jynx,Morgana
Quinn,Brand,Jarvan IV,Lucian,Nami
Nidalee,Lissandra,Warwick,Kalista,Blitzcrank
Irelia,Vladimir,Nocturne,Draven,Morgana
Jax,Brand,Skarner,Corki,Thresh
Cho'Gath,Ahri,Lee Sin,Vayne,Braum
Riven,Swain,Rek'Sai,Graves,Blitzcrank
Gnar,Twisted Fate,Fiddlesticks,Graves,Thresh
Malphite,Yasuo,Nocturne,Corki,Blitzcrank
Nasus,Malzahar,Warwick,Jynx,Lux
Riven,Morgana,Shaco,Graves,Annie
Irelia,Twisted Fate,Gragas,Kalista,Thresh
Lissandra,Yasuo,Volibear,Caitlyn,Malphite
Nasus,Syndra,Udyr,Kog'Maw,Leona
Trundle,LeBlanc,Lee Sin,Ashe,Malphite
Tryndamere,Heimerdinger,Rek'Sai,Ezreal,Blitzcrank
Dr. Mundo,Morgana,Master Yi,Jynx,Thresh
Gnar,Zed,Rek'Sai,Caitlyn,Fiddlesticks
Irelia,Ahri,Shyvana,Jynx,Morgana
Nasus,Ahri,Master Yi,Vayne,Vel'Koz
Warwick,Annie,Rek'Sai,Quinn,Taric
Yasuo,Xerath,Warwick,Caitlyn,Thresh
Gnar,Ryze,Kha'Zix,Draven,Annie
Lissandra,Heimerdinger,Xin Zhao,Vayne,Karma
Dr. Mundo,Morgana,Fiddlesticks,Corki,Braum
Malphite,Diana,Yasuo,Caitlyn,Lux
Renga,Zed,Jarvan IV,Graves,Thresh
Azir,Lissandra,Lee Sin,Graves,Soraka
Rek'Sai,Ezreal,Renga,Kog'Maw,Blitzcrank
Master Yi,Fizz,Sejuani,Graves,Thresh
Malphite,Yasuo,Fiddlesticks,Lucian,Braum
Malphite,Swain,Kha'Zix,Caitlyn,Morgana
Yorick,Katarina,Jarvan IV,Teemo,Volibear
Irelia,Tristana,Elise,Caitlyn,Leona
Riven,Karthus,Warwick,Morgana,Ezreal
Darius,Swain,Jarvan IV,Jynx,Sona
Xin Zhao,Zed,Lee Sin,Corki,Thresh
Singed,Ryze,Master Yi,Tristana,Karthus
Rumble,Zed,Elise,Ezreal,Morgana
Riven,Fizz,Hecarim,Miss Fortune,Malphite
Fiora,Lux,Gnar,Kog'Maw,Thresh
Gnar,Annie,Maokai,Graves,Sona
Lee Sin,Twisted Fate,Warwick,Xerath,Ashe
Nasus,Syndra,Warwick,Varus,LeBlanc
Fiora,Veigar,Master Yi,Caitlyn,Nautilus
Swain,Morgana,Vi,Jynx,Sona
Darius,Fizz,Udyr,Caitlyn,Thresh
Lissandra,Yasuo,Wukong,Graves,Thresh
Tryndamere,Annie,Wukong,Varus,Sona
Jayce,Annie,Rek'Sai,Vayne,Blitzcrank
Riven,Katarina,Master Yi,Tristana,Lux
Vladimir,Akali,Renga,Ashe,Janna
Rek'Sai,Malzahar,Master Yi,Miss Fortune,Blitzcrank
Rek'Sai,Cassiopeia,Jarvan IV,Karma,Jynx
Renekton,Zed,Nidalee,Varus,Sona
Tryndamere,Veigar,Rek'Sai,Volibear,Ezreal
Riven,Katarina,Vi,Lucian,Alistar
Poppy,Sivir,Sejuani,Annie,Sona
Fiora,Ahri,Jarvan IV,Sivir,Janna
Darius,Syndra,Karthus,Caitlyn,Leona
Shyvana,LeBlanc,Kha'Zix,Graves,Zyra
Lissandra,Talon,Fiora,Tristana,Morgana
Kennen,Orianna,Udyr,Vayne,Zyra
Gnar,Zed,Lee Sin,Graves,Thresh
Fiora,Viktor,Warwick,Miss Fortune,Leona
Pantheon,Annie,Xin Zhao,Graves,Blitzcrank
Wukong,Cassiopeia,Udyr,Graves,Braum
Yorick,Jayce,Evelynn,Twitch,Shen
Jarvan IV,Ezreal,Lee Sin,Miss Fortune,Thresh
Hecarim,Annie,Vi,Jynx,Soraka
Riven,Katarina,Jarvan IV,Lucian,Braum
Riven,LeBlanc,Master Yi,Graves,Taric
Malzahar,Akali,Jax,Vayne,Leona
Kassadin,Zed,Sejuani,Jynx,Morgana
Irelia,Malzahar,Rek'Sai,Tristana,Leona
Alistar,Talon,Lee Sin,Caitlyn,Morgana
Fiora,Ahri,Shaco,Vayne,Braum
Azir,Diana,Nautilus,Graves,Vel'Koz
Shen,Ryze,Master Yi,Graves,Alistar
Sion,Lux,Lee Sin,Graves,Orianna
Gangplank,Syndra,Vi,Teemo,Twitch
Jayce,Annie,Sejuani,Graves,Karma
Rek'Sai,Akali,Vi,Draven,Annie
Aatrox,Fizz,Lee Sin,Kalista,Thresh
Gangplank,Morgana,Nocturne,Ashe,Janna
Malphite,Morgana,Pantheon,Ezreal,Thresh
Gangplank,Annie,Rammus,Corki,Thresh
Cho'Gath,Yasuo,Renga,Tristana,Taric
Garen,Cassiopeia,Udyr,Graves,Janna
Olaf,Nidalee,Trundle,Lucian,Nami
Azir,Zed,Hecarim,Caitlyn,Soraka
Irelia,Ahri,Kha'Zix,Graves,Sona
Sion,Azir,Renga,Graves,Morgana
Pantheon,Talon,Master Yi,Ezreal,Lux
Darius,Ahri,Kalista,Draven,Soraka
Lee Sin,Katarina,Vi,Tristana,Janna
Jayce,Swain,Warwick,Vayne,Blitzcrank
Pantheon,Ziggs,Master Yi,Tristana,Alistar
Gnar,Brand,Sion,Jynx,Lux
Ryze,Kassadin,Elise,Miss Fortune,Malphite
Trundle,Zed,Pantheon,Graves,Ahri
Cho'Gath,Anivia,Nunu,Corki,Lulu
Yorick,LeBlanc,Malphite,Caitlyn,Morgana
Gnar,Cassiopeia,Master Yi,Draven,Soraka
Orianna,Azir,Udyr,Graves,Teemo
Xin Zhao,Fiddlesticks,Kayle,Kog'Maw,Blitzcrank
Wukong,Fizz,Shaco,Twitch,Annie
Vel'Koz,Ahri,Lee Sin,Kalista,Thresh
Fiora,Veigar,Rek'Sai,Ezreal,Braum
Tryndamere,Akali,Jarvan IV,Tristana,Dr. Mundo
Riven,Viktor,Warwick,Sivir,Leona
Gangplank,Swain,Lee Sin,Jynx,Janna
Riven,Orianna,Amumu,Graves,Nami
Wukong,Ziggs,Udyr,Graves,Sona
Gnar,Malzahar,Elise,Caitlyn,Blitzcrank
Jayce,Katarina,Vi,Caitlyn,Sona
Karma,Fiora,Cho'Gath,Tristana,Malphite
Jarvan IV,Kayle,Master Yi,Caitlyn,Blitzcrank
Riven,Syndra,Lee Sin,Kalista,Thresh
Kayle,LeBlanc,Udyr,Twitch,Morgana
Garen,Vladimir,Xin Zhao,Lucian,Braum
Nasus,Syndra,Jax,Kog'Maw,Thresh
Gnar,Talon,Pantheon,Lucian,Morgana
Irelia,Orianna,Jax,Jynx,Leona
Malphite,Cassiopeia,Kha'Zix,Graves,Morgana
Dr. Mundo,Vel'Koz,Twitch,Ezreal,Morgana
Shyvana,Karthus,Master Yi,Vayne,Blitzcrank
Irelia,Yasuo,Warwick,Jynx,Morgana
Garen,Orianna,Volibear,Ezreal,Vel'Koz
Wukong,Lux,Nautilus,Corki,Morgana
Singed,Katarina,Nunu,Jynx,Annie
Aatrox,Orianna,Shaco,Quinn,Fiddlesticks
Trundle,Kennen,Renga,Corki,Morgana
Renekton,Veigar,Sion,Annie,Twitch
Talon,Annie,Rek'Sai,Kalista,Janna
Lissandra,Katarina,Jarvan IV,Caitlyn,Lux
Vladimir,Annie,Warwick,Tristana,Taric
Aatrox,Nidalee,Shyvana,Caitlyn,Garen
Darius,Heimerdinger,Warwick,Tristana,Morgana
Ryze,Zed,Jarvan IV,Ezreal,Sona
Renekton,Lux,Shaco,Graves,Thresh
Riven,Mordekaiser,Master Yi,Lucian,Braum
Tryndamere,Cassiopeia,Diana,Vayne,Morgana
Gnar,Graves,Lee Sin,Vayne,Thresh
Rumble,Viktor,Pantheon,Caitlyn,Alistar
Pantheon,Nidalee,Lee Sin,Ashe,Taric
Riven,Fiora,Diana,Draven,Malphite
Galio,Hecarim,Rek'Sai,Tristana,Leona
Morgana,Orianna,Sion,Lucian,Blitzcrank
Tryndamere,Talon,Wukong,Sivir,Leona
Garen,Morgana,Master Yi,Lulu,Ezreal
Cho'Gath,Heimerdinger,Shaco,Tristana,Soraka
Dr. Mundo,Malzahar,Tryndamere,Graves,Leona
Garen,Heimerdinger,Lee Sin,Twitch,Braum
Warwick,Katarina,Vi,Varus,Leona
Volibear,Lux,Lee Sin,Ezreal,Morgana
Tryndamere,Teemo,Amumu,Ezreal,Thresh
Riven,Ryze,Jarvan IV,Caitlyn,Braum
Gnar,Heimerdinger,Teemo,Lucian,Blitzcrank
Poppy,Anivia,Udyr,Vayne,Yorick
Vladimir,Heimerdinger,Jax,Sivir,Leona
Nasus,Ryze,Master Yi,Caitlyn,Braum
Vladimir,Orianna,Xin Zhao,Sivir,Thresh
Fiora,Viktor,Nunu,Ezreal,Leona
Swain,Cassiopeia,Master Yi,Lucian,Alistar
Nasus,Yasuo,Jarvan IV,Tristana,Leona
Pantheon,LeBlanc,Lee Sin,Jynx,Heimerdinger
Jayce,Swain,Lee Sin,Ashe,Pantheon
Yasuo,Azir,Rek'Sai,Graves,Soraka
Wukong,Nidalee,Renga,Jynx,Pantheon
Vladimir,Lux,Kha'Zix,Caitlyn,Thresh
Garen,Swain,Malphite,Miss Fortune,Amumu
Jax,Mordekaiser,Master Yi,Tristana,Thresh
Vladimir,Syndra,Master Yi,Quinn,Leona
Lulu,Nautilus,Jarvan IV,Sona,Jynx
Teemo,Fiddlesticks,Master Yi,Ashe,Zilean
Jax,Annie,Vi,Sivir,Blitzcrank
Singed,LeBlanc,Kha'Zix,Graves,Blitzcrank
Jayce,Zed,Jarvan IV,Draven,Thresh
Nasus,LeBlanc,Lee Sin,Jynx,Sona
Pantheon,Lissandra,Udyr,Varus,Braum
Rek'Sai,Zed,Lee Sin,Jayce,Leona
Tryndamere,Nidalee,Udyr,Ashe,Blitzcrank
Renekton,Cassiopeia,Kha'Zix,Lucian,Galio
Lissandra,Ziggs,Lee Sin,Draven,Thresh
Kayle,Wukong,Fiddlesticks,Twitch,Alistar
Riven,Cassiopeia,Hecarim,Caitlyn,Annie
Jayce,Lux,Volibear,Tristana,Thresh
Garen,Brand,Sejuani,Caitlyn,Leona
Fiora,Syndra,Elise,Ashe,Brand
Pantheon,Ziggs,Kha'Zix,Vayne,Leona
Cho'Gath,Karthus,Vi,Jynx,Nami
Pantheon,Zed,Skarner,Vayne,Thresh
Pantheon,Ahri,Jarvan IV,Twitch,Nami
Nidalee,Fizz,Lee Sin,Soraka,Lucian
Jax,Orianna,Jarvan IV,Vayne,Thresh
Aatrox,Zed,Kha'Zix,Caitlyn,Zyra
Kennen,Anivia,Pantheon,Vayne,Janna
Vladimir,Zed,Vi,Twitch,Morgana
Quinn,Azir,Evelynn,Miss Fortune,Leona
Teemo,Mordekaiser,Xin Zhao,Vayne,Kayle
Wukong,Azir,Shaco,Tristana,Janna
Rek'Sai,Heimerdinger,Xin Zhao,Jynx,Leona
Riven,Katarina,Lee Sin,Jynx,Janna
Alistar,Annie,Jarvan IV,Graves,Thresh
Elise,Zed,Xin Zhao,Caitlyn,Annie
Garen,Lissandra,Fiddlesticks,Ezreal,Lulu
Nasus,Vel'Koz,Rek'Sai,Jynx,Blitzcrank
Garen,Talon,Vi,Nunu,Vayne
Teemo,Lux,Master Yi,Lucian,Leona
Darius,Annie,Tryndamere,Tristana,Blitzcrank
Rumble,Ryze,Udyr,Ashe,Annie
Nasus,LeBlanc,Master Yi,Zilean,Tristana
Riven,LeBlanc,Udyr,Tristana,Brand
Kayle,Yasuo,Vi,Graves,Zyra
Tryndamere,Lissandra,Vi,Jynx,Alistar
Ryze,Cassiopeia,Vi,Kalista,Sona
Tryndamere,Orianna,Nidalee,Caitlyn,Thresh
Jayce,Syndra,Jarvan IV,Graves,Blitzcrank
Jarvan IV,Heimerdinger,Vi,Jynx,Ryze
Jax,Yasuo,Warwick,Vayne,Lulu
Irelia,Zed,Shaco,Caitlyn,Blitzcrank
Nasus,Syndra,Amumu,Ezreal,Morgana
Irelia,Azir,Fiora,Vayne,Thresh
Fiora,Morgana,Fiddlesticks,Draven,Annie
Singed,Tristana,Nautilus,Ezreal,Leona
Nasus,Nidalee,Trundle,Ashe,Blitzcrank
Riven,Vel'Koz,Elise,Miss Fortune,Thresh
Lux,Ryze,Jarvan IV,Vayne,Janna
Malzahar,Zed,Sejuani,Twitch,Sona
Nasus,Akali,Zac,Annie,Vayne
Riven,Cassiopeia,Tryndamere,Corki,Leona
LeBlanc,Brand,Pantheon,Lucian,Janna
Shyvana,Malzahar,Lee Sin,Alistar,Graves
Darius,Swain,Master Yi,Ezreal,Soraka
Alistar,Akali,Elise,Kalista,Thresh
Darius,Lux,Vi,Ezreal,Nami
Singed,Katarina,Olaf,Graves,Thresh
Gnar,Katarina,Poppy,Tristana,Morgana
Garen,Ahri,Vi,Jynx,Nunu
Lissandra,Yasuo,Lee Sin,Ezreal,Sona
Yorick,Jayce,Wukong,Miss Fortune,Nami
Riven,Brand,Xin Zhao,Quinn,Orianna
Rek'Sai,Kayle,Vi,Draven,Lux
Gangplank,Malzahar,Shaco,Graves,Blitzcrank
Jayce,Ahri,Warwick,Jynx,Karma
Renekton,Shaco,LeBlanc,Corki,Leona
